"action","authority","title","publisher","publishing_line","record_id"
"AUDIT SERIES","Butterfly","Butterfly","Boom! Studios","BOOM! Studios",""
"AUDIT SERIES","Marian Heretic","Marian Heretic","Boom! Studios","BOOM! Studios",""
"AUDIT SERIES","Mighty Morphin Power Rangers","MMPR/TMNT","Boom! Studios","BOOM! Studios",""
"AUDIT SERIES","Blink And You’ll Miss It","Blink And You’ll Miss It","Boom! Studios","BOOM! Studios",""
"AUDIT SERIES","The War","The War","Boom! Studios","BOOM! Studios",""
"AUDIT SERIES","The Last Witch","The Last Witch","Boom! Studios","BOOM! Studios",""
"AUDIT SERIES","VR Troopers","VR Troopers","Boom! Studios","BOOM! Studios",""
"AUDIT SERIES","The Killer","The Killer","Boom! Studios","BOOM! Studios",""
"AUDIT SERIES","Be Not Afraid","Be Not Afraid","Boom! Studios","BOOM! Studios",""
"AUDIT SERIES","The Last Boy","The Last Boy","Boom! Studios","BOOM! Studios",""
"AUDIT SERIES","Bronze Faces","Bronze Faces","Boom! Studios","BOOM! Studios",""
"AUDIT SERIES","Jim Henson Presents","Jim Henson Presents","Boom! Studios","Archaia",""
"AUDIT SERIES","When I Lay My Vengeance Upon Thee","When I Lay My Vengeance Upon Thee","Boom! Studios","BOOM! Studios",""
"AUDIT SERIES","Wynd","Wynd","Boom! Studios","BOOM! Studios",""
"AUDIT SERIES","Cyanide & Happiness","Cyanide & Happiness","Boom! Studios","BOOM! Studios",""
"AUDIT SERIES","Namesake","Namesake","Boom! Studios","BOOM! Studios",""
"AUDIT SERIES","The Creeping Below","The Creeping Below","Boom! Studios","BOOM! Studios",""
"AUDIT SERIES","Vicarious","Vicarious","Boom! Studios","BOOM! Studios",""
"AUDIT SERIES","BRZRKR","BRZRKR: The Lost Book of B","Boom! Studios","BOOM! Studios",""
"AUDIT SERIES","Farscape","Farscape","Boom! Studios","BOOM! Studios",""
"AUDIT SERIES","Minor Arcana","Minor Arcana","Boom! Studios","BOOM! Studios",""
"AUDIT SERIES","The Graveyard Club","The Graveyard Club","Boom! Studios","BOOM! Studios",""
"AUDIT SERIES","S.I.R.","S.I.R.","Boom! Studios","BOOM! Box",""
"AUDIT SERIES","Red Before Black","Red Before Black","Boom! Studios","BOOM! Studios",""
"AUDIT SERIES","Nomads: The Sky Kingdom","Nomads: The Sky Kingdom","Boom! Studios","BOOM! Studios",""
"AUDIT SERIES","Hello Darkness","Hello Darkness","Boom! Studios","BOOM! Studios",""
"AUDIT SERIES","Crocodile Black","Crocodile Black","Boom! Studios","BOOM! Studios",""
"AUDIT SERIES","Lawful","Lawful","Boom! Studios","BOOM! Studios",""
"AUDIT SERIES","Profane","Profane","Boom! Studios","BOOM! Studios",""
"AUDIT SERIES","Lotus Land","Lotus Land","Boom! Studios","BOOM! Studios",""
"AUDIT SERIES","Uncanny Valley","Uncanny Valley","Boom! Studios","BOOM! Studios",""
"AUDIT SERIES","Mighty Morphin Power Rangers","MMPR: The Return","Boom! Studios","BOOM! Studios",""
"AUDIT SERIES","I Heart Skull-Crusher!","I Heart Skull-Crusher!","Boom! Studios","BOOM! Box",""
"AUDIT SERIES","Mighty Morphin Power Rangers","Ranger Academy","Boom! Studios","BOOM! Studios",""
"AUDIT SERIES","Animal Pound","Animal Pound","Boom! Studios","BOOM! Studios",""
"AUDIT SERIES","Welcome to Wanderland","Welcome to Wanderland","Boom! Studios","BOOM! Box",""
"AUDIT SERIES","We Only Find Them When They're Dead","We Only Find Them When They're Dead","Boom! Studios","BOOM! Studios",""
"AUDIT SERIES","The Woods","The Woods","Boom! Studios","BOOM! Studios",""
"AUDIT SERIES","The Unsound","The Unsound","Boom! Studios","BOOM! Studios",""
"AUDIT SERIES","The Thrilling Adventure Hour","The Thrilling Adventure Hour","Boom! Studios","BOOM! Studios",""
"AUDIT SERIES","Wild's End","Wild's End","Boom! Studios","BOOM! Studios",""
"AUDIT SERIES","Jim Henson's The Storyteller","Jim Henson's The Storyteller","Boom! Studios","Archaia",""
"AUDIT SERIES","A Short While","A Short While","Boom! Studios","BOOM! Studios",""
"AUDIT SERIES","The Seasons Have Teeth","The Seasons Have Teeth","Boom! Studios","BOOM! Studios",""
"AUDIT SERIES","A Spark Within the Forge","A Spark Within the Forge","Boom! Studios","Archaia",""
"AUDIT SERIES","The Red Mother","The Red Mother","Boom! Studios","BOOM! Studios",""
"AUDIT SERIES","The Not-So Secret Society","The Not-So Secret Society","Boom! Studios","BOOM! Studios",""
"AUDIT SERIES","Midas","Midas","Boom! Studios","BOOM! Studios",""
"AUDIT SERIES","The Many Deaths of Laila Starr","The Many Deaths of Laila Starr","Boom! Studios","BOOM! Studios",""
"AUDIT SERIES","The Expanse","The Expanse","Boom! Studios","BOOM! Studios",""
"AUDIT SERIES","Sparrow's Roar","Sparrow's Roar","Boom! Studios","Archaia",""
"AUDIT SERIES","Girl in the Himalayas","Girl in the Himalayas","Boom! Studios","Archaia",""
"AUDIT SERIES","Jim Henson's The Dark Crystal","Jim Henson's The Dark Crystal","Boom! Studios","Archaia",""
"AUDIT SERIES","The Approach","The Approach","Boom! Studios","BOOM! Studios",""
"AUDIT SERIES","Talent","Talent","Boom! Studios","BOOM! Studios",""
"AUDIT SERIES","Stuff of Nightmares","Stuff of Nightmares","Boom! Studios","BOOM! Studios",""
"AUDIT SERIES","Strange Skies Over East Berlin","Strange Skies Over East Berlin","Boom! Studios","BOOM! Studios",""
"AUDIT SERIES","Sparrowhawk","Sparrowhawk","Boom! Studios","BOOM! Studios",""
"AUDIT SERIES","Something is Killing the Children","Something is Killing the Children","Boom! Studios","BOOM! Studios",""
"AUDIT SERIES","Smooth Criminals","Smooth Criminals","Boom! Studios","BOOM! Studios",""
"AUDIT SERIES","Slam!","Slam!","Boom! Studios","BOOM! Box",""
"AUDIT SERIES","Sisters of Sorrow","Sisters of Sorrow","Boom! Studios","BOOM! Studios",""
"AUDIT SERIES","Sirens of the City","Sirens of the City","Boom! Studios","BOOM! Studios",""
"AUDIT SERIES","Rust","Rust","Boom! Studios","Archaia",""
"AUDIT SERIES","Run Wild","Run Wild","Boom! Studios","Archaia",""
"AUDIT SERIES","Ronin Island","Ronin Island","Boom! Studios","BOOM! Studios",""
"AUDIT SERIES","RoboCop","RoboCop","Boom! Studios","BOOM! Studios",""
"AUDIT SERIES","Proctor Valley Road","Proctor Valley Road","Boom! Studios","BOOM! Studios",""
"AUDIT SERIES","Mighty Morphin Power Rangers","Power Rangers","Boom! Studios","BOOM! Studios",""
"AUDIT SERIES","Petals","Petals","Boom! Studios","Archaia",""
"AUDIT SERIES","Persephone","Persephone","Boom! Studios","Archaia",""
"AUDIT SERIES","Once & Future","Once & Future","Boom! Studios","BOOM! Studios",""
"AUDIT SERIES","Nuclear Winter","Nuclear Winter","Boom! Studios","BOOM! Studios",""
"AUDIT SERIES","Mouse Guard","Mouse Guard","Boom! Studios","Archaia",""
"AUDIT SERIES","Mosely","Mosely","Boom! Studios","BOOM! Studios",""
"AUDIT SERIES","Misfit City","Misfit City","Boom! Studios","BOOM! Box",""
"AUDIT SERIES","Mech Cadet Yu","Mech Cadet Yu","Boom! Studios","BOOM! Studios",""
"AUDIT SERIES","Maw","Maw","Boom! Studios","BOOM! Studios",""
"AUDIT SERIES","Lumberjanes","Lumberjanes","Boom! Studios","BOOM! Box",""
"AUDIT SERIES","Lucy Dreaming","Lucy Dreaming","Boom! Studios","BOOM! Studios",""
"AUDIT SERIES","Low Road West","Low Road West","Boom! Studios","BOOM! Studios",""
"AUDIT SERIES","Last Sons of America","Last Sons of America","Boom! Studios","BOOM! Studios",""
"AUDIT SERIES","Ladycastle","Ladycastle","Boom! Studios","BOOM! Studios",""
"AUDIT SERIES","Jim Henson's Labyrinth","Jim Henson's Labyrinth","Boom! Studios","Archaia",""
"AUDIT SERIES","Know Your Station","Know Your Station","Boom! Studios","BOOM! Studios",""
"AUDIT SERIES","Klaus","Klaus","Boom! Studios","BOOM! Studios",""
"AUDIT SERIES","King of Nowhere","King of Nowhere","Boom! Studios","BOOM! Studios",""
"AUDIT SERIES","Just Beyond","Just Beyond","Boom! Studios","BOOM! Studios",""
"AUDIT SERIES","Judas","Judas","Boom! Studios","BOOM! Studios",""
"AUDIT SERIES","Jonesy","Jonesy","Boom! Studios","BOOM! Box",""
"AUDIT SERIES","Jane","Jane","Boom! Studios","BOOM! Studios",""
"AUDIT SERIES","Grim","Grim","Boom! Studios","BOOM! Studios",""
"AUDIT SERIES","Hollow","Hollow","Boom! Studios","BOOM! Studios",""
"AUDIT SERIES","Hex Vet","Hex Vet","Boom! Studios","BOOM! Studios",""
"AUDIT SERIES","Heavy Vinyl","Heavy Vinyl","Boom! Studios","BOOM! Box",""
"AUDIT SERIES","Harrower","Harrower","Boom! Studios","BOOM! Studios",""
"AUDIT SERIES","Grass Kings","Grass Kings","Boom! Studios","BOOM! Studios",""
"AUDIT SERIES","Goldie Vance","Goldie Vance","Boom! Studios","BOOM! Studios",""
"AUDIT SERIES","Giant Days","Giant Days","Boom! Studios","BOOM! Studios",""
"AUDIT SERIES","Ghostlore","Ghostlore","Boom! Studios","BOOM! Studios",""
"AUDIT SERIES","Ghosted in L.A.","Ghosted in L.A.","Boom! Studios","BOOM! Studios",""
"AUDIT SERIES","Garfield","Garfield","Boom! Studios","KaBOOM!",""
"AUDIT SERIES","Fraggle Rock","Fraggle Rock","Boom! Studios","Archaia",""
"AUDIT SERIES","Folklords","Folklords","Boom! Studios","BOOM! Studios",""
"AUDIT SERIES","Flavor Girls","Flavor Girls","Boom! Studios","BOOM! Studios",""
"AUDIT SERIES","Fence","Fence","Boom! Studios","BOOM! Studios",""
"AUDIT SERIES","Feathers","Feathers","Boom! Studios","BOOM! Studios",""
"AUDIT SERIES","Faithless","Faithless","Boom! Studios","BOOM! Studios",""
"AUDIT SERIES","Irredeemable","Irredeemable","Boom! Studios","BOOM! Studios",""
"AUDIT SERIES","I'm Still Alive","I'm Still Alive","Boom! Studios","BOOM! Studios",""
"AUDIT SERIES","I Moved to Los Angeles to Work in Animation","I Moved to Los Angeles to Work in Animation","Boom! Studios","BOOM! Studios",""
"AUDIT SERIES","Hotel Dare","Hotel Dare","Boom! Studios","BOOM! Studios",""
"AUDIT SERIES","Something is Killing the Children","House of Slaughter","Boom! Studios","BOOM! Studios",""
"AUDIT SERIES","Eve","Eve","Boom! Studios","BOOM! Studios",""
"AUDIT SERIES","The Empty Man","The Empty Man","Boom! Studios","BOOM! Studios",""
"AUDIT SERIES","Victor LaValle's Destroyer","Victor LaValle's Destroyer","Boom! Studios","BOOM! Studios",""
"AUDIT SERIES","Dark Blood","Dark Blood","Boom! Studios","BOOM! Studios",""
"AUDIT SERIES","Eat the Rich","Eat the Rich","Boom! Studios","BOOM! Studios",""
"AUDIT SERIES","Dune","Dune","Boom! Studios","BOOM! Studios",""
"AUDIT SERIES","Dodo","Dodo","Boom! Studios","BOOM! Studios",""
"AUDIT SERIES","Dodge City","Dodge City","Boom! Studios","BOOM! Studios",""
"AUDIT SERIES","Diesel","Diesel","Boom! Studios","BOOM! Studios",""
"AUDIT SERIES","Coda","Coda","Boom! Studios","BOOM! Studios",""
"AUDIT SERIES","Clueless","Clueless","Boom! Studios","BOOM! Studios",""
"AUDIT SERIES","The Cloud","The Cloud","Boom! Studios","Archaia",""
"AUDIT SERIES","By Night","By Night","Boom! Studios","BOOM! Studios",""
"AUDIT SERIES","Bury the Lede","Bury the Lede","Boom! Studios","BOOM! Studios",""
"AUDIT SERIES","BRZRKR","BRZRKR","Boom! Studios","BOOM! Studios",""
"AUDIT SERIES","Briar","Briar","Boom! Studios","BOOM! Studios",""
"AUDIT SERIES","Brave Chef Brianna","Brave Chef Brianna","Boom! Studios","BOOM! Studios",""
"AUDIT SERIES","Bone Parish","Bone Parish","Boom! Studios","BOOM! Studios",""
"AUDIT SERIES","Bolivar","Bolivar","Boom! Studios","Archaia",""
"AUDIT SERIES","Black Badge","Black Badge","Boom! Studios","BOOM! Studios",""
"AUDIT SERIES","Bill & Ted","Bill & Ted","Boom! Studios","BOOM! Studios",""
"AUDIT SERIES","Big Trouble in Little China","Big Trouble in Little China","Boom! Studios","BOOM! Studios",""
"AUDIT SERIES","Big Black: Stand at Attica","Big Black: Stand at Attica","Boom! Studios","BOOM! Studios",""
"AUDIT SERIES","Ben 10","Ben 10","Boom! Studios","BOOM! Studios",""
"AUDIT SERIES","The Backstagers","The Backstagers","Boom! Studios","BOOM! Box",""
"AUDIT SERIES","The Avant-Guards","The Avant-Guards","Boom! Studios","BOOM! Box",""
"AUDIT SERIES","A Vicious Circle","A Vicious Circle","Boom! Studios","BOOM! Studios",""
"AUDIT SERIES","The Amory Wars","The Amory Wars","Boom! Studios","Archaia",""
"AUDIT SERIES","Alice Ever After","Alice Ever After","Boom! Studios","BOOM! Studios",""
"AUDIT SERIES","About Betty's Boob","About Betty's Boob","Boom! Studios","Archaia",""
"AUDIT SERIES","An Ember in the Ashes","An Ember in the Ashes","Boom! Studios","BOOM! Studios",""
"AUDIT SERIES","Abbott","Abbott","Boom! Studios","BOOM! Studios",""
"AUDIT SERIES","10","10","Boom! Studios","BOOM! Studios",""
"AUDIT SERIES","2 Guns","2 Guns","Boom! Studios","BOOM! Studios",""
"AUDIT SERIES","28 Days Later","28 Days Later","Boom! Studios","BOOM! Studios",""
"AUDIT SERIES","3 Guns","3 Guns","Boom! Studios","BOOM! Studios",""
"AUDIT SERIES","Abigail and the Snowman","Abigail and the Snowman","Boom! Studios","BOOM! Studios",""
"AUDIT SERIES","Adventure Time","Adventure Time","Boom! Studios","KaBOOM!",""
"AUDIT SERIES","Alice in Wonderland","Alice in Wonderland","Boom! Studios","BOOM! Studios",""
"AUDIT SERIES","Alienated","Alienated","Boom! Studios","BOOM! Studios",""
"AUDIT SERIES","Aliens vs. Parker","Aliens vs. Parker","Boom! Studios","BOOM! Studios",""
"AUDIT SERIES","Firefly","All New Firefly","Boom! Studios","BOOM! Studios",""
"AUDIT SERIES","The Amazing World of Gumball","The Amazing World of Gumball","Boom! Studios","KaBOOM!",""
"AUDIT SERIES","Americatown","Americatown","Boom! Studios","Archaia",""
"AUDIT SERIES","The Anchor","The Anchor","Boom! Studios","BOOM! Studios",""
"AUDIT SERIES","Angel","Angel","Boom! Studios","BOOM! Studios",""
"AUDIT SERIES","Arcadia","Arcadia","Boom! Studios","BOOM! Studios",""
"AUDIT SERIES","The Avengefuls","The Avengefuls","Boom! Studios","BOOM! Studios",""
"AUDIT SERIES","b.b. free","b.b. free","Boom! Studios","BOOM! Studios",""
"AUDIT SERIES","Bags (or a Story Thereof)","Bags (or a Story Thereof)","Boom! Studios","BOOM! Studios",""
"AUDIT SERIES","The Baker Street Peculiars","The Baker Street Peculiars","Boom! Studios","BOOM! Studios",""
"AUDIT SERIES","Basilisk","Basilisk","Boom! Studios","BOOM! Studios",""
"AUDIT SERIES","Batman '66 Meets Steed and Mrs. Peel","Batman '66 Meets Steed and Mrs. Peel","Boom! Studios","BOOM! Studios",""
"AUDIT SERIES","Bee and PuppyCat","Bee and PuppyCat","Boom! Studios","KaBOOM!",""
"AUDIT SERIES","Behold Behemoth","Behold Behemoth","Boom! Studios","BOOM! Studios",""
"AUDIT SERIES","Jim Henson's The Dark Crystal","Beneath the Dark Crystal","Boom! Studios","Archaia",""
"AUDIT SERIES","Better Angels: A Kate Warne Adventure","Better Angels: A Kate Warne Adventure","Boom! Studios","BOOM! Studios",""
"AUDIT SERIES","Planet of the Apes","Betrayal of the Planet of the Apes","Boom! Studios","BOOM! Studios",""
"AUDIT SERIES","The Big Con Job","The Big Con Job","Boom! Studios","BOOM! Studios",""
"AUDIT SERIES","The Black Dahlia","The Black Dahlia","Boom! Studios","Archaia",""
"AUDIT SERIES","Black Market","Black Market","Boom! Studios","BOOM! Studios",""
"AUDIT SERIES","The Black Plague","The Black Plague","Boom! Studios","BOOM! Studios",""
"AUDIT SERIES","Blood Bowl: Killer Contract","Blood Bowl: Killer Contract","Boom! Studios","BOOM! Studios",""
"AUDIT SERIES","Bodie Troll","Bodie Troll","Boom! Studios","BOOM! Studios",""
"AUDIT SERIES","Something is Killing the Children","Book of Slaughter","Boom! Studios","BOOM! Studios",""
"AUDIT SERIES","Bravest Warriors","Bravest Warriors","Boom! Studios","KaBOOM!",""
"AUDIT SERIES","Broken World","Broken World","Boom! Studios","BOOM! Studios",""
"AUDIT SERIES","Buckhead","Buckhead","Boom! Studios","BOOM! Studios",""
"AUDIT SERIES","Buffy the Vampire Slayer","Buffy the Vampire Slayer","Boom! Studios","BOOM! Studios",""
"AUDIT SERIES","Burning Fields","Burning Fields","Boom! Studios","BOOM! Studios",""
"AUDIT SERIES","The Calling: Cthulhu Chronicles","The Calling: Cthulhu Chronicles","Boom! Studios","BOOM! Studios",""
"AUDIT SERIES","Caped","Caped","Boom! Studios","BOOM! Studios",""
"AUDIT SERIES","Captain American Idol","Captain American Idol","Boom! Studios","BOOM! Studios",""
"AUDIT SERIES","Capture Creatures","Capture Creatures","Boom! Studios","BOOM! Studios",""
"AUDIT SERIES","Cars","Cars","Boom! Studios","BOOM! Studios",""
"AUDIT SERIES","CBGB","CBGB","Boom! Studios","BOOM! Studios",""
"AUDIT SERIES","Challenger Deep","Challenger Deep","Boom! Studios","BOOM! Studios",""
"AUDIT SERIES","Chip 'n Dale Rescue Rangers","Chip 'n Dale Rescue Rangers","Boom! Studios","BOOM! Studios",""
"AUDIT SERIES","Clarence","Clarence","Boom! Studios","BOOM! Studios",""
"AUDIT SERIES","Clive Barker's Next Testament","Clive Barker's Next Testament","Boom! Studios","BOOM! Studios",""
"AUDIT SERIES","Clive Barker's Nightbreed","Clive Barker's Nightbreed","Boom! Studios","BOOM! Studios",""
"AUDIT SERIES","Cloaks","Cloaks","Boom! Studios","BOOM! Studios",""
"AUDIT SERIES","Cluster","Cluster","Boom! Studios","BOOM! Studios",""
"AUDIT SERIES","Coady and the Creepies","Coady and the Creepies","Boom! Studios","BOOM! Studios",""
"AUDIT SERIES","Codebreakers","Codebreakers","Boom! Studios","BOOM! Studios",""
"AUDIT SERIES","Cognetic","Cognetic","Boom! Studios","BOOM! Studios",""
"AUDIT SERIES","Cold Space","Cold Space","Boom! Studios","BOOM! Studios",""
"AUDIT SERIES","Cover Girl","Cover Girl","Boom! Studios","BOOM! Studios",""
"AUDIT SERIES","Cthulhu Tales","Cthulhu Tales","Boom! Studios","BOOM! Studios",""
"AUDIT SERIES","Curb Stomp","Curb Stomp","Boom! Studios","BOOM! Studios",""
"AUDIT SERIES","Curse","Curse","Boom! Studios","BOOM! Studios",""
"AUDIT SERIES","Cursed Pirate Girl","Cursed Pirate Girl","Boom! Studios","BOOM! Studios",""
"AUDIT SERIES","Damn Them All","Damn Them All","Boom! Studios","BOOM! Studios",""
"AUDIT SERIES","Jim Henson's The Dark Crystal","The Dark Crystal","Boom! Studios","Archaia",""
"AUDIT SERIES","Darkwing Duck","Darkwing Duck","Boom! Studios","BOOM! Studios",""
"AUDIT SERIES","Planet of the Apes","Dawn of the Planet of the Apes","Boom! Studios","BOOM! Studios",""
"AUDIT SERIES","Day Men","Day Men","Boom! Studios","BOOM! Studios",""
"AUDIT SERIES","Dead Letters","Dead Letters","Boom! Studios","BOOM! Studios",""
"AUDIT SERIES","Dead Run","Dead Run","Boom! Studios","BOOM! Studios",""
"AUDIT SERIES","Death Be Damned","Death Be Damned","Boom! Studios","BOOM! Studios",""
"AUDIT SERIES","Deathmatch","Deathmatch","Boom! Studios","BOOM! Studios",""
"AUDIT SERIES","Deceivers","Deceivers","Boom! Studios","BOOM! Studios",""
"AUDIT SERIES","Decision 2012","Decision 2012","Boom! Studios","BOOM! Studios",""
"AUDIT SERIES","The Deep","The Deep","Boom! Studios","BOOM! Studios",""
"AUDIT SERIES","Deep State","Deep State","Boom! Studios","BOOM! Studios",""
"AUDIT SERIES","Die Hard: Year One","Die Hard: Year One","Boom! Studios","BOOM! Studios",""
"AUDIT SERIES","Dingo","Dingo","Boom! Studios","BOOM! Studios",""
"AUDIT SERIES","Disney's Hero Squad: Ultraheroes","Disney's Hero Squad: Ultraheroes","Boom! Studios","BOOM! Studios",""
"AUDIT SERIES","Do Androids Dream of Electric Sheep?","Do Androids Dream of Electric Sheep?","Boom! Studios","BOOM! Studios",""
"AUDIT SERIES","Dominion","Dominion","Boom! Studios","BOOM! Studios",""
"AUDIT SERIES","Donald Duck","Donald Duck","Boom! Studios","BOOM! Studios",""
"AUDIT SERIES","Dracula: The Company of Monsters","Dracula: The Company of Monsters","Boom! Studios","BOOM! Studios",""
"AUDIT SERIES","DuckTales","DuckTales","Boom! Studios","BOOM! Studios",""
"AUDIT SERIES","Eat and Love Yourself","Eat and Love Yourself","Boom! Studios","BOOM! Studios",""
"AUDIT SERIES","Eighty Days","Eighty Days","Boom! Studios","BOOM! Studios",""
"AUDIT SERIES","Elric: The Balance Lost","Elric: The Balance Lost","Boom! Studios","BOOM! Studios",""
"AUDIT SERIES","Enigma Cipher","Enigma Cipher","Boom! Studios","BOOM! Studios",""
"AUDIT SERIES","Escape from New York","Escape from New York","Boom! Studios","BOOM! Studios",""
"AUDIT SERIES","Eternal","Eternal","Boom! Studios","BOOM! Studios",""
"AUDIT SERIES","Eugenic","Eugenic","Boom! Studios","BOOM! Studios",""
"AUDIT SERIES","Eureka","Eureka","Boom! Studios","BOOM! Studios",""
"AUDIT SERIES","Evil Empire","Evil Empire","Boom! Studios","BOOM! Studios",""
"AUDIT SERIES","Extermination","Extermination","Boom! Studios","BOOM! Studios",""
"AUDIT SERIES","Fairy Quest","Fairy Quest","Boom! Studios","BOOM! Studios",""
"AUDIT SERIES","Fanboys vs. Zombies","Fanboys vs. Zombies","Boom! Studios","BOOM! Studios",""
"AUDIT SERIES","Fall of Cthulhu","Fall of Cthulhu","Boom! Studios","BOOM! Studios",""
"AUDIT SERIES","Fear the Dead: A Zombie Survivors Journal","Fear the Dead: A Zombie Survivors Journal","Boom! Studios","BOOM! Studios",""
"AUDIT SERIES","The Fiction","The Fiction","Boom! Studios","BOOM! Studios",""
"AUDIT SERIES","Fiction Squad","Fiction Squad","Boom! Studios","BOOM! Studios",""
"AUDIT SERIES","Finding Nemo","Finding Nemo","Boom! Studios","BOOM! Studios",""
"AUDIT SERIES","Firefly","Firefly","Boom! Studios","BOOM! Studios",""
"AUDIT SERIES","Forever Home","Forever Home","Boom! Studios","BOOM! Studios",""
"AUDIT SERIES","The Foundation","The Foundation","Boom! Studios","BOOM! Studios",""
"AUDIT SERIES","Freelancers","Freelancers","Boom! Studios","BOOM! Studios",""
"AUDIT SERIES","Fresh Off the Boat Presents: Legion of Dope-itude Featuring Lazy Boy","Fresh Off the Boat Presents: Legion of Dope-itude Featuring Lazy Boy","Boom! Studios","BOOM! Studios",""
"AUDIT SERIES","Fused! Tales","Fused! Tales","Boom! Studios","BOOM! Studios",""
"AUDIT SERIES","G.I. Spy","G.I. Spy","Boom! Studios","BOOM! Studios",""
"AUDIT SERIES","Galveston","Galveston","Boom! Studios","BOOM! Studios",""
"AUDIT SERIES","Getting Dizzy","Getting Dizzy","Boom! Studios","BOOM! Studios",""
"AUDIT SERIES","Giant Monster","Giant Monster","Boom! Studios","BOOM! Studios",""
"AUDIT SERIES","Godshaper","Godshaper","Boom! Studios","BOOM! Studios",""
"AUDIT SERIES","Good Luck","Good Luck","Boom! Studios","BOOM! Studios",""
"AUDIT SERIES","The Great Wiz and the Ruckus","The Great Wiz and the Ruckus","Boom! Studios","BOOM! Studios",""
"AUDIT SERIES","Grumpy Cat/Garfield","Grumpy Cat/Garfield","Boom! Studios","BOOM! Studios",""
"AUDIT SERIES","Hacktivist","Hacktivist","Boom! Studios","Archaia",""
"AUDIT SERIES","Halogen","Halogen","Boom! Studios","BOOM! Studios",""
"AUDIT SERIES","Happiness Will Follow","Happiness Will Follow","Boom! Studios","BOOM! Studios",""
"AUDIT SERIES","Hawken: Melee","Hawken: Melee","Boom! Studios","Archaia",""
"AUDIT SERIES","Hawks of Outremer","Hawks of Outremer","Boom! Studios","BOOM! Studios",""
"AUDIT SERIES","Heartbeat","Heartbeat","Boom! Studios","BOOM! Studios",""
"AUDIT SERIES","Buffy the Vampire Slayer","Hellmouth","Boom! Studios","BOOM! Studios",""
"AUDIT SERIES","Help Us! Great Warrior","Help Us! Great Warrior","Boom! Studios","BOOM! Studios",""
"AUDIT SERIES","Hellraiser","Hellraiser","Boom! Studios","BOOM! Studios",""
"AUDIT SERIES","Hero Squared","Hero Squared","Boom! Studios","BOOM! Studios",""
"AUDIT SERIES","Herobear and the Kid","Herobear and the Kid","Boom! Studios","BOOM! Studios",""
"AUDIT SERIES","Hexed","Hexed","Boom! Studios","BOOM! Studios",""
"AUDIT SERIES","High Rollers","High Rollers","Boom! Studios","BOOM! Studios",""
"AUDIT SERIES","Higher Earth","Higher Earth","Boom! Studios","BOOM! Studios",""
"AUDIT SERIES","Hit","Hit","Boom! Studios","BOOM! Studios",""
"AUDIT SERIES","Hunter's Fortune","Hunter's Fortune","Boom! Studios","BOOM! Studios",""
"AUDIT SERIES","Hunter's Moon","Hunter's Moon","Boom! Studios","BOOM! Studios",""
"AUDIT SERIES","The Hypernaturals","The Hypernaturals","Boom! Studios","BOOM! Studios",""
"AUDIT SERIES","Ice Age","Ice Age","Boom! Studios","BOOM! Studios",""
"AUDIT SERIES","Imagine Agents","Imagine Agents","Boom! Studios","BOOM! Studios",""
"AUDIT SERIES","Incorruptible","Incorruptible","Boom! Studios","BOOM! Studios",""
"AUDIT SERIES","The Incredibles","The Incredibles","Boom! Studios","BOOM! Studios",""
"AUDIT SERIES","Insurrection v3.6","Insurrection v3.6","Boom! Studios","BOOM! Studios",""
"AUDIT SERIES","Interesting Drug","Interesting Drug","Boom! Studios","BOOM! Studios",""
"AUDIT SERIES","Iron Muslim","Iron Muslim","Boom! Studios","BOOM! Studios",""
"AUDIT SERIES","Iscariot","Iscariot","Boom! Studios","BOOM! Studios",""
"AUDIT SERIES","Jennifer's Body","Jennifer's Body","Boom! Studios","BOOM! Studios",""
"AUDIT SERIES","Jenny Finn: Messiah","Jenny Finn: Messiah","Boom! Studios","BOOM! Studios",""
"AUDIT SERIES","Jeremiah Harm","Jeremiah Harm","Boom! Studios","BOOM! Studios",""
"AUDIT SERIES","Jo & Rus","Jo & Rus","Boom! Studios","BOOM! Studios",""
"AUDIT SERIES","John Flood","John Flood","Boom! Studios","BOOM! Studios",""
"AUDIT SERIES","The Joyners","The Joyners","Boom! Studios","BOOM! Studios",""
"AUDIT SERIES","Joyride","Joyride","Boom! Studios","BOOM! Studios",""
"AUDIT SERIES","Juliet Takes a Breath","Juliet Takes a Breath","Boom! Studios","BOOM! Studios",""
"AUDIT SERIES","Mighty Morphin Power Rangers","Justice League/Mighty Morphin Power Rangers","Boom! Studios","BOOM! Studios",""
"AUDIT SERIES","Kennel Block Blues","Kennel Block Blues","Boom! Studios","BOOM! Studios",""
"AUDIT SERIES","Key of Z","Key of Z","Boom! Studios","BOOM! Studios",""
"AUDIT SERIES","Kill Audio","Kill Audio","Boom! Studios","BOOM! Studios",""
"AUDIT SERIES","Kong of Skull Island","Kong of Skull Island","Boom! Studios","BOOM! Studios",""
"AUDIT SERIES","The Last Broadcast","The Last Broadcast","Boom! Studios","BOOM! Studios",""
"AUDIT SERIES","The Last Contract","The Last Contract","Boom! Studios","BOOM! Studios",""
"AUDIT SERIES","Last Reign: Kings of War","Last Reign: Kings of War","Boom! Studios","BOOM! Studios",""
"AUDIT SERIES","Lazaretto","Lazaretto","Boom! Studios","BOOM! Studios",""
"AUDIT SERIES","Left on Mission","Left on Mission","Boom! Studios","BOOM! Studios",""
"AUDIT SERIES","Loki: Ragnarok and Roll","Loki: Ragnarok and Roll","Boom! Studios","BOOM! Studios",""
"AUDIT SERIES","Lucas Stand","Lucas Stand","Boom! Studios","BOOM! Studios",""
"AUDIT SERIES","Magic: The Gathering","Magic: The Gathering","Boom! Studios","BOOM! Studios",""
"AUDIT SERIES","The Magicians","The Magicians","Boom! Studios","BOOM! Studios",""
"AUDIT SERIES","Malignant Man","Malignant Man","Boom! Studios","BOOM! Studios",""
"AUDIT SERIES","Mamo","Mamo","Boom! Studios","BOOM! Studios",""
"AUDIT SERIES","The Man Who Came Down the Attic Stairs","The Man Who Came Down the Attic Stairs","Boom! Studios","BOOM! Studios",""
"AUDIT SERIES","Maze Runner","Maze Runner","Boom! Studios","BOOM! Studios",""
"AUDIT SERIES","Mega Man: Fully Charged","Mega Man: Fully Charged","Boom! Studios","BOOM! Studios",""
"AUDIT SERIES","Mega Princess","Mega Princess","Boom! Studios","BOOM! Studios",""
"AUDIT SERIES","Memetic","Memetic","Boom! Studios","BOOM! Studios",""
"AUDIT SERIES","Mezolith","Mezolith","Boom! Studios","BOOM! Studios",""
"AUDIT SERIES","Mickey Mouse","Mickey Mouse","Boom! Studios","BOOM! Studios",""
"AUDIT SERIES","Midas Flesh","Midas Flesh","Boom! Studios","BOOM! Box",""
"AUDIT SERIES","Mighty Morphin Power Rangers","Mighty Morphin Power Rangers","Boom! Studios","BOOM! Studios",""
"AUDIT SERIES","Monsters, Inc.","Monsters, Inc.","Boom! Studios","BOOM! Studios",""
"AUDIT SERIES","Mr. Stuffins","Mr. Stuffins","Boom! Studios","BOOM! Studios",""
"AUDIT SERIES","Munchkin","Munchkin","Boom! Studios","BOOM! Box",""
"AUDIT SERIES","The Muppets","The Muppets","Boom! Studios","BOOM! Studios",""
"AUDIT SERIES","The Musical Monsters of Turkey Hollow","The Musical Monsters of Turkey Hollow","Boom! Studios","BOOM! Studios",""
"AUDIT SERIES","Necronomicon","Necronomicon","Boom! Studios","BOOM! Studios",""
"AUDIT SERIES","The Neighbors","The Neighbors","Boom! Studios","BOOM! Studios",""
"AUDIT SERIES","Never as Bad as You Think","Never as Bad as You Think","Boom! Studios","BOOM! Studios",""
"AUDIT SERIES","Ninja Tales","Ninja Tales","Boom! Studios","BOOM! Studios",""
"AUDIT SERIES","Nola","Nola","Boom! Studios","BOOM! Studios",""
"AUDIT SERIES","North Wind","North Wind","Boom! Studios","BOOM! Studios",""
"AUDIT SERIES","NTSF:SD:SUV::","NTSF:SD:SUV::","Boom! Studios","BOOM! Studios",""
"AUDIT SERIES","Oh, Killstrike","Oh, Killstrike","Boom! Studios","BOOM! Studios",""
"AUDIT SERIES","Once Upon a Time at the End of the World","Once Upon a Time at the End of the World","Boom! Studios","BOOM! Studios",""
"AUDIT SERIES","Operation: Broken Wings, 1936","Operation: Broken Wings, 1936","Boom! Studios","BOOM! Studios",""
"AUDIT SERIES","Orcs!","Orcs!","Boom! Studios","BOOM! Studios",""
"AUDIT SERIES","Origins","Origins","Boom! Studios","BOOM! Studios",""
"AUDIT SERIES","Over the Garden Wall","Over the Garden Wall","Boom! Studios","BOOM! Studios",""
"AUDIT SERIES","Pale Horse","Pale Horse","Boom! Studios","BOOM! Studios",""
"AUDIT SERIES","Pandora's Legacy","Pandora's Legacy","Boom! Studios","BOOM! Studios",""
"AUDIT SERIES","Peanuts","Peanuts","Boom! Studios","KaBOOM!",""
"AUDIT SERIES","Pirate Tales","Pirate Tales","Boom! Studios","BOOM! Studios",""
"AUDIT SERIES","Planet of the Apes","Planet of the Apes","Boom! Studios","BOOM! Studios",""
"AUDIT SERIES","Planetary Brigade","Planetary Brigade","Boom! Studios","BOOM! Studios",""
"AUDIT SERIES","Plunder","Plunder","Boom! Studios","BOOM! Studios",""
"AUDIT SERIES","Poe","Poe","Boom! Studios","BOOM! Studios",""
"AUDIT SERIES","Polarity","Polarity","Boom! Studios","BOOM! Studios",""
"AUDIT SERIES","Potter's Field","Potter's Field","Boom! Studios","BOOM! Studios",""
"AUDIT SERIES","Power Up","Power Up","Boom! Studios","BOOM! Studios",""
"AUDIT SERIES","The Princess Who Saved Herself","The Princess Who Saved Herself","Boom! Studios","BOOM! Studios",""
"AUDIT SERIES","Protocol: Orphans","Protocol: Orphans","Boom! Studios","BOOM! Studios",""
"AUDIT SERIES","Pulp Tales: Josh Medors Benefit Comic","Pulp Tales: Josh Medors Benefit Comic","Boom! Studios","BOOM! Studios",""
"AUDIT SERIES","Regarding the Matter of Oswald's Body","Regarding the Matter of Oswald's Body","Boom! Studios","BOOM! Studios",""
"AUDIT SERIES","Regular Show","Regular Show","Boom! Studios","KaBOOM!",""
"AUDIT SERIES","The Remnant","The Remnant","Boom! Studios","BOOM! Studios",""
"AUDIT SERIES","The Returning","The Returning","Boom! Studios","BOOM! Studios",""
"AUDIT SERIES","Revelations","Revelations","Boom! Studios","BOOM! Studios",""
"AUDIT SERIES","The Rinse","The Rinse","Boom! Studios","BOOM! Studios",""
"AUDIT SERIES","Rocket Salvage","Rocket Salvage","Boom! Studios","Archaia",""
"AUDIT SERIES","Rocko's Modern Life","Rocko's Modern Life","Boom! Studios","BOOM! Studios",""
"AUDIT SERIES","Rowans Ruin","Rowans Ruin","Boom! Studios","BOOM! Studios",""
"AUDIT SERIES","Rugrats","Rugrats","Boom! Studios","BOOM! Studios",""
"AUDIT SERIES","Ruinworld","Ruinworld","Boom! Studios","BOOM! Studios",""
"AUDIT SERIES","Rush: Clockwork Angels","Rush: Clockwork Angels","Boom! Studios","BOOM! Studios",""
"AUDIT SERIES","Salem: Queen of Thorns","Salem: Queen of Thorns","Boom! Studios","BOOM! Studios",""
"AUDIT SERIES","The Savage Brothers","The Savage Brothers","Boom! Studios","BOOM! Studios",""
"AUDIT SERIES","Save Yourself!","Save Yourself!","Boom! Studios","BOOM! Studios",""
"AUDIT SERIES","Scienthorlogy","Scienthorlogy","Boom! Studios","BOOM! Studios",""
"AUDIT SERIES","Scream Queen","Scream Queen","Boom! Studios","BOOM! Studios",""
"AUDIT SERIES","Seven Psychopaths","Seven Psychopaths","Boom! Studios","BOOM! Studios",""
"AUDIT SERIES","Seven Secrets","Seven Secrets","Boom! Studios","BOOM! Studios",""
"AUDIT SERIES","Seven Warriors","Seven Warriors","Boom! Studios","BOOM! Studios",""
"AUDIT SERIES","Shmobots","Shmobots","Boom! Studios","BOOM! Studios",""
"AUDIT SERIES","Sirens","Sirens","Boom! Studios","BOOM! Studios",""
"AUDIT SERIES","Six-Gun Gorilla","Six-Gun Gorilla","Boom! Studios","BOOM! Studios",""
"AUDIT SERIES","Skybourne","Skybourne","Boom! Studios","BOOM! Studios",""
"AUDIT SERIES","Slaughterhouse-Five","Slaughterhouse-Five","Boom! Studios","BOOM! Studios",""
"AUDIT SERIES","Sleepy Hollow","Sleepy Hollow","Boom! Studios","BOOM! Studios",""
"AUDIT SERIES","Snarked!","Snarked!","Boom! Studios","BOOM! Studios",""
"AUDIT SERIES","Snow Blind","Snow Blind","Boom! Studios","BOOM! Studios",""
"AUDIT SERIES","Soldier Zero","Soldier Zero","Boom! Studios","BOOM! Studios",""
"AUDIT SERIES","Sombra","Sombra","Boom! Studios","BOOM! Studios",""
"AUDIT SERIES","Sons of Anarchy","Sons of Anarchy","Boom! Studios","BOOM! Studios",""
"AUDIT SERIES","Space Warped","Space Warped","Boom! Studios","BOOM! Studios",""
"AUDIT SERIES","Specs","Specs","Boom! Studios","BOOM! Studios",""
"AUDIT SERIES","Specter Inspectors","Specter Inspectors","Boom! Studios","BOOM! Studios",""
"AUDIT SERIES","The Spire","The Spire","Boom! Studios","BOOM! Studios",""
"AUDIT SERIES","Starborn","Starborn","Boom! Studios","BOOM! Studios",""
"AUDIT SERIES","Station","Station","Boom! Studios","BOOM! Studios",""
"AUDIT SERIES","Planet of the Apes","Star Trek/Planet of the Apes","Boom! Studios","BOOM! Studios",""
"AUDIT SERIES","Steed and Mrs. Peel","Steed and Mrs. Peel","Boom! Studios","BOOM! Studios",""
"AUDIT SERIES","Steven Universe","Steven Universe","Boom! Studios","KaBOOM!",""
"AUDIT SERIES","Strange Attractors","Strange Attractors","Boom! Studios","BOOM! Studios",""
"AUDIT SERIES","Strange Fruit","Strange Fruit","Boom! Studios","BOOM! Studios",""
"AUDIT SERIES","Suicide Risk","Suicide Risk","Boom! Studios","BOOM! Studios",""
"AUDIT SERIES","Supurbia","Supurbia","Boom! Studios","BOOM! Studios",""
"AUDIT SERIES","Swordsmith Assassin","Swordsmith Assassin","Boom! Studios","BOOM! Studios",""
"AUDIT SERIES","Tag","Tag","Boom! Studios","BOOM! Studios",""
"AUDIT SERIES","Planet of the Apes","Tarzan on the Planet of the Apes","Boom! Studios","BOOM! Studios",""
"AUDIT SERIES","Teen Dog","Teen Dog","Boom! Studios","BOOM! Studios",""
"AUDIT SERIES","Thomas Alsop","Thomas Alsop","Boom! Studios","BOOM! Studios",""
"AUDIT SERIES","Toil and Trouble","Toil and Trouble","Boom! Studios","Archaia",""
"AUDIT SERIES","Toy Story","Toy Story","Boom! Studios","BOOM! Studios",""
"AUDIT SERIES","Translucid","Translucid","Boom! Studios","BOOM! Studios",""
"AUDIT SERIES","The Traveler","The Traveler","Boom! Studios","BOOM! Studios",""
"AUDIT SERIES","Turncoat","Turncoat","Boom! Studios","BOOM! Studios",""
"AUDIT SERIES","UFOlogy","UFOlogy","Boom! Studios","BOOM! Studios",""
"AUDIT SERIES","Uncle Grandpa","Uncle Grandpa","Boom! Studios","BOOM! Studios",""
"AUDIT SERIES","Uncle Scrooge","Uncle Scrooge","Boom! Studios","BOOM! Studios",""
"AUDIT SERIES","The Undertaker","The Undertaker","Boom! Studios","BOOM! Studios",""
"AUDIT SERIES","An Unkindness of Ravens","An Unkindness of Ravens","Boom! Studios","BOOM! Studios",""
"AUDIT SERIES","The Unknown","The Unknown","Boom! Studios","BOOM! Studios",""
"AUDIT SERIES","Unthinkable","Unthinkable","Boom! Studios","BOOM! Studios",""
"AUDIT SERIES","Valen the Outcast","Valen the Outcast","Boom! Studios","BOOM! Studios",""
"AUDIT SERIES","Buffy the Vampire Slayer","The Vampire Slayer","Boom! Studios","BOOM! Studios",""
"AUDIT SERIES","Venus","Venus","Boom! Studios","BOOM! Studios",""
"AUDIT SERIES","WALL-E","WALL-E","Boom! Studios","BOOM! Studios",""
"AUDIT SERIES","Walt Disney's Comics and Stories","Walt Disney's Comics and Stories","Boom! Studios","BOOM! Studios",""
"AUDIT SERIES","Planet of the Apes","War for the Planet of the Apes","Boom! Studios","BOOM! Studios",""
"AUDIT SERIES","War of the Worlds: Second Wave","War of the Worlds: Second Wave","Boom! Studios","BOOM! Studios",""
"AUDIT SERIES","Warhammer","Warhammer","Boom! Studios","BOOM! Studios",""
"AUDIT SERIES","Warhammer 40,000","Warhammer 40,000","Boom! Studios","BOOM! Studios",""
"AUDIT SERIES","Warhammer","Warhammer Online","Boom! Studios","BOOM! Studios",""
"AUDIT SERIES","Warlords of Appalachia","Warlords of Appalachia","Boom! Studios","BOOM! Studios",""
"AUDIT SERIES","Weavers","Weavers","Boom! Studios","BOOM! Studios",""
"AUDIT SERIES","Welcome Back","Welcome Back","Boom! Studios","BOOM! Studios",""
"AUDIT SERIES","Wet Hot American Summer","Wet Hot American Summer","Boom! Studios","BOOM! Studios",""
"AUDIT SERIES","What Were They Thinking?!","What Were They Thinking?!","Boom! Studios","BOOM! Studios",""
"AUDIT SERIES","Whisper","Whisper","Boom! Studios","BOOM! Studios",""
"AUDIT SERIES","Wicked Things","Wicked Things","Boom! Studios","BOOM! Studios",""
"AUDIT SERIES","Wizard Beach","Wizard Beach","Boom! Studios","BOOM! Studios",""
"AUDIT SERIES","Wizards of Mickey","Wizards of Mickey","Boom! Studios","BOOM! Studios",""
"AUDIT SERIES","Cars","The World of Cars","Boom! Studios","BOOM! Studios",""
"AUDIT SERIES","WWE","WWE","Boom! Studios","BOOM! Studios",""
"AUDIT SERIES","X Isle","X Isle","Boom! Studios","BOOM! Studios",""
"AUDIT SERIES","Zombie Tales","Zombie Tales","Boom! Studios","BOOM! Studios",""
"AUDIT SERIES","Alice Ever After","Alice Forever After","Boom! Studios","BOOM! Studios",""
"AUDIT SERIES","Garfield","Baby Garfield","Boom! Studios","BOOM! Studios",""
"AUDIT SERIES","BRZRKR","BRZRKR: A Faceful of Bullets","Boom! Studios","BOOM! Studios",""
"AUDIT SERIES","BRZRKR","BRZRKR: Fallen Empire","Boom! Studios","BOOM! Studios",""
"AUDIT SERIES","BRZRKR: Light Draws Breath","BRZRKR: Light Draws Breath","Boom! Studios","BOOM! Studios",""
"AUDIT SERIES","BRZRKR","BRZRKR: Poetry of Madness","Boom! Studios","BOOM! Studios",""
"AUDIT SERIES","Something is Killing the Children","Fall of the House of Slaughter","Boom! Studios","BOOM! Studios",""
"AUDIT SERIES","Fence","Fence Challengers: Sweet Sixteen","Boom! Studios","BOOM! Studios",""
"AUDIT SERIES","Flavor Girls","Flavor Girls: Return to the Mothership","Boom! Studios","BOOM! Studios",""
"AUDIT SERIES","Hello Body Horror","Hello Body Horror","Boom! Studios","BOOM! Studios",""
"AUDIT SERIES","Hello Halloween","Hello Halloween","Boom! Studios","BOOM! Studios",""
"AUDIT SERIES","Hellraiser","Hellraiser: Resurrections","Boom! Studios","BOOM! Studios",""
"AUDIT SERIES","Mighty Morphin Power Rangers","Mighty Morphin Power Rangers (2026)","Boom! Studios","BOOM! Studios",""
"AUDIT SERIES","Neighborhood Watch","Neighborhood Watch","Boom! Studios","BOOM! Studios",""
"AUDIT SERIES","Mighty Morphin Power Rangers","Power Rangers Prime","Boom! Studios","BOOM! Studios",""
"AUDIT SERIES","Mighty Morphin Power Rangers","Power Rangers Unlimited","Boom! Studios","BOOM! Studios",""
"AUDIT SERIES","The Last Witch","The Last Witch: Blood & Betrayal","Boom! Studios","BOOM! Studios",""
"AUDIT SERIES","Vampyrates!","Vampyrates!","Boom! Studios","BOOM! Studios",""
