"action","authority","title","publisher","publishing_line","start_year","end_year"
"AUDIT AUTHORITY","Age of Reptiles","","Dark Horse","Dark Horse Originals","",""
"AUDIT SERIES","Age of Reptiles","Age of Reptiles","Dark Horse","Dark Horse Originals","1993","1994"
"AUDIT SERIES","Age of Reptiles","Age of Reptiles: The Hunt","Dark Horse","Dark Horse Originals","1996","1996"
"AUDIT SERIES","Age of Reptiles","Age of Reptiles: The Journey","Dark Horse","Dark Horse Originals","2009","2010"
"AUDIT SERIES","Age of Reptiles","Age of Reptiles: Ancient Egyptians","Dark Horse","Dark Horse Originals","2015","2015"
"AUDIT AUTHORITY","Alabaster","","Dark Horse","Dark Horse Originals","",""
"AUDIT SERIES","Alabaster","Alabaster: Wolves","Dark Horse","Dark Horse Originals","2012","2012"
"AUDIT SERIES","Alabaster","Alabaster: Grimmer Tales","Dark Horse","Dark Horse Originals","2013","2014"
"AUDIT SERIES","Alabaster","Alabaster: The Good, the Bad, and the Bird","Dark Horse","Dark Horse Originals","2015","2016"
"AUDIT AUTHORITY","The Amazing Screw-On Head","","Dark Horse","Maverick","",""
"AUDIT SERIES","The Amazing Screw-On Head","The Amazing Screw-On Head","Dark Horse","Maverick","2002","2002"
"AUDIT AUTHORITY","The American","","Dark Horse","Dark Horse Originals","",""
"AUDIT SERIES","The American","The American","Dark Horse","Dark Horse Originals","1987","1989"
"AUDIT SERIES","The American","The American: Lost in America","Dark Horse","Dark Horse Originals","1990","1992"
"AUDIT AUTHORITY","American Splendor","","Dark Horse","Maverick","",""
"AUDIT SERIES","American Splendor","American Splendor","Dark Horse","Maverick","1991","1993"
"AUDIT SERIES","American Splendor","American Splendor","Dark Horse","Maverick","1995","1995"
"AUDIT SERIES","American Splendor","American Splendor: Terminal","Dark Horse","Maverick","1999","1999"
"AUDIT SERIES","American Splendor","American Splendor: Unsung Hero","Dark Horse","Maverick","2002","2002"
"AUDIT AUTHORITY","Bad Luck Chuck","","Dark Horse","Dark Horse Originals","",""
"AUDIT SERIES","Bad Luck Chuck","Bad Luck Chuck","Dark Horse","Dark Horse Originals","2019","2019"
"AUDIT AUTHORITY","Baltimore","","Dark Horse","Outerverse","",""
"AUDIT SERIES","Baltimore","Baltimore: The Plague Ships","Dark Horse","Outerverse","2010","2010"
"AUDIT SERIES","Baltimore","Baltimore: The Curse Bells","Dark Horse","Outerverse","2011","2012"
"AUDIT SERIES","Baltimore","Baltimore: Dr. Leskovar’s Remedy","Dark Horse","Outerverse","2012","2012"
"AUDIT SERIES","Baltimore","Baltimore: The Widow and the Tank","Dark Horse","Outerverse","2013","2013"
"AUDIT SERIES","Baltimore","Baltimore: The Infernal Train","Dark Horse","Outerverse","2013","2013"
"AUDIT SERIES","Baltimore","Baltimore: Chapel of Bones","Dark Horse","Outerverse","2014","2014"
"AUDIT SERIES","Baltimore","Baltimore: The Witch of Harju","Dark Horse","Outerverse","2014","2014"
"AUDIT SERIES","Baltimore","Baltimore: The Cult of the Red King","Dark Horse","Outerverse","2015","2015"
"AUDIT SERIES","Baltimore","Baltimore: Empty Graves","Dark Horse","Outerverse","2016","2016"
"AUDIT SERIES","Baltimore","Baltimore: The Red Kingdom","Dark Horse","Outerverse","2017","2017"
"AUDIT AUTHORITY","Bang!","","Dark Horse","Dark Horse Originals","",""
"AUDIT SERIES","Bang!","Bang!","Dark Horse","Dark Horse Originals","2020","2020"
"AUDIT AUTHORITY","Beasts of Burden","","Dark Horse","Dark Horse Originals","",""
"AUDIT SERIES","Beasts of Burden","Beasts of Burden","Dark Horse","Dark Horse Originals","2009","2010"
"AUDIT SERIES","Beasts of Burden","Beasts of Burden: What the Cat Dragged In","Dark Horse","Dark Horse Originals","2016","2016"
"AUDIT SERIES","Beasts of Burden","Beasts of Burden: Wise Dogs and Eldritch Men","Dark Horse","Dark Horse Originals","2018","2019"
"AUDIT SERIES","Beasts of Burden","Beasts of Burden: Occupied Territory","Dark Horse","Dark Horse Originals","2021","2021"
"AUDIT AUTHORITY","The Black Beetle","","Dark Horse","Dark Horse Originals","",""
"AUDIT SERIES","The Black Beetle","The Black Beetle: No Way Out","Dark Horse","Dark Horse Originals","2013","2013"
"AUDIT SERIES","The Black Beetle","The Black Beetle: Necrologue","Dark Horse","Dark Horse Originals","2013","2014"
"AUDIT AUTHORITY","Black Hammer","","Dark Horse","Black Hammer Universe","",""
"AUDIT SERIES","Black Hammer","Black Hammer","Dark Horse","Black Hammer Universe","2016","2017"
"AUDIT SERIES","Black Hammer","Black Hammer: Age of Doom","Dark Horse","Black Hammer Universe","2018","2019"
"AUDIT SERIES","Black Hammer","Black Hammer Reborn","Dark Horse","Black Hammer Universe","2021","2022"
"AUDIT SERIES","Black Hammer","Black Hammer: The End","Dark Horse","Black Hammer Universe","2023","2024"
"AUDIT SERIES","Black Hammer","Black Hammer ’45","Dark Horse","Black Hammer Universe","2019","2019"
"AUDIT SERIES","Black Hammer","Barbalien: Red Planet","Dark Horse","Black Hammer Universe","2020","2021"
"AUDIT SERIES","Black Hammer","Colonel Weird: Cosmagog","Dark Horse","Black Hammer Universe","2020","2021"
"AUDIT SERIES","Black Hammer","Doctor Star and the Kingdom of Lost Tomorrows","Dark Horse","Black Hammer Universe","2018","2018"
"AUDIT SERIES","Black Hammer","Sherlock Frankenstein and the Legion of Evil","Dark Horse","Black Hammer Universe","2017","2018"
"AUDIT SERIES","Black Hammer","Skulldigger + Skeleton Boy","Dark Horse","Black Hammer Universe","2019","2021"
"AUDIT SERIES","Black Hammer","The Quantum Age","Dark Horse","Black Hammer Universe","2018","2019"
"AUDIT SERIES","Black Hammer","The Unbelievable Unteens","Dark Horse","Black Hammer Universe","2021","2022"
"AUDIT AUTHORITY","Black Pearl","","Dark Horse","Dark Horse Originals","",""
"AUDIT SERIES","Black Pearl","The Black Pearl","Dark Horse","Dark Horse Originals","1996","1997"
"AUDIT AUTHORITY","Blue Book","","Dark Horse","Tiny Onion","",""
"AUDIT SERIES","Blue Book","Blue Book","Dark Horse","Tiny Onion","2023","2023"
"AUDIT SERIES","Blue Book","Blue Book: 1947","Dark Horse","Tiny Onion","2024","2024"
"AUDIT AUTHORITY","Boris the Bear","","Dark Horse","Dark Horse Originals","",""
"AUDIT SERIES","Boris the Bear","Boris the Bear","Dark Horse","Dark Horse Originals","1986","1987"
"AUDIT AUTHORITY","Canto","","Dark Horse","Dark Horse Originals","",""
"AUDIT SERIES","Canto","Canto","Dark Horse","Dark Horse Originals","2024","2024"
"AUDIT SERIES","Canto","Canto: A Place Like Home","Dark Horse","Dark Horse Originals","2024","2025"
"AUDIT AUTHORITY","Colder","","Dark Horse","Dark Horse Originals","",""
"AUDIT SERIES","Colder","Colder","Dark Horse","Dark Horse Originals","2012","2013"
"AUDIT SERIES","Colder","Colder: The Bad Seed","Dark Horse","Dark Horse Originals","2014","2015"
"AUDIT SERIES","Colder","Colder: Toss the Bones","Dark Horse","Dark Horse Originals","2015","2016"
"AUDIT AUTHORITY","Concrete","","Dark Horse","Legend","",""
"AUDIT SERIES","Concrete","Concrete","Dark Horse","Legend","1987","1988"
"AUDIT SERIES","Concrete","Concrete: Fragile Creature","Dark Horse","Legend","1991","1992"
"AUDIT SERIES","Concrete","Concrete: Killer Smile","Dark Horse","Legend","1994","1994"
"AUDIT SERIES","Concrete","Concrete: Think Like a Mountain","Dark Horse","Legend","1996","1996"
"AUDIT SERIES","Concrete","Concrete: Strange Armor","Dark Horse","Legend","1997","1998"
"AUDIT SERIES","Concrete","Concrete: The Human Dilemma","Dark Horse","Legend","2004","2005"
"AUDIT AUTHORITY","Count Crowley","","Dark Horse","Dark Horse Originals","",""
"AUDIT SERIES","Count Crowley","Count Crowley: Reluctant Midnight Monster Hunter","Dark Horse","Dark Horse Originals","2019","2020"
"AUDIT SERIES","Count Crowley","Count Crowley: Amateur Midnight Monster Hunter","Dark Horse","Dark Horse Originals","2022","2022"
"AUDIT SERIES","Count Crowley","Count Crowley: Mediocre Midnight Monster Hunter","Dark Horse","Dark Horse Originals","2023","2024"
"AUDIT AUTHORITY","Criminal Macabre","","Dark Horse","Dark Horse Originals","",""
"AUDIT SERIES","Criminal Macabre","Criminal Macabre","Dark Horse","Dark Horse Originals","2003","2003"
"AUDIT SERIES","Criminal Macabre","Criminal Macabre: A Cal McDonald Mystery","Dark Horse","Dark Horse Originals","2006","2006"
"AUDIT SERIES","Criminal Macabre","Criminal Macabre: Cell Block 666","Dark Horse","Dark Horse Originals","2008","2009"
"AUDIT SERIES","Criminal Macabre","Criminal Macabre: The Eyes of Frankenstein","Dark Horse","Dark Horse Originals","2011","2012"
"AUDIT SERIES","Criminal Macabre","Criminal Macabre: Final Night – The 30 Days of Night Crossover","Dark Horse","Dark Horse Originals","2012","2013"
"AUDIT AUTHORITY","Dept. H","","Dark Horse","Dark Horse Originals","",""
"AUDIT SERIES","Dept. H","Dept. H","Dark Horse","Dark Horse Originals","2016","2018"
"AUDIT AUTHORITY","The EC Archives","","Dark Horse","Dark Horse Archives","",""
"AUDIT SERIES","The EC Archives","The EC Archives","Dark Horse","Dark Horse Archives","2006","2026"
"AUDIT AUTHORITY","Emily the Strange","","Dark Horse","Dark Horse Originals","",""
"AUDIT SERIES","Emily the Strange","Emily the Strange","Dark Horse","Dark Horse Originals","2005","2007"
"AUDIT SERIES","Emily the Strange","Emily the Strange","Dark Horse","Dark Horse Originals","2007","2008"
"AUDIT SERIES","Emily the Strange","Emily the Strange","Dark Horse","Dark Horse Originals","2009","2010"
"AUDIT SERIES","Emily the Strange","Emily and the Strangers","Dark Horse","Dark Horse Originals","2013","2013"
"AUDIT AUTHORITY","Empowered","","Dark Horse","Dark Horse Originals","",""
"AUDIT SERIES","Empowered","Empowered","Dark Horse","Dark Horse Originals","2007","2026"
"AUDIT SERIES","Empowered","Empowered: Unchained","Dark Horse","Dark Horse Originals","2015","2015"
"AUDIT AUTHORITY","Ether","","Dark Horse","Dark Horse Originals","",""
"AUDIT SERIES","Ether","Ether","Dark Horse","Dark Horse Originals","2016","2017"
"AUDIT SERIES","Ether","Ether: The Copper Golems","Dark Horse","Dark Horse Originals","2018","2018"
"AUDIT SERIES","Ether","Ether: The Disappearance of Violet Bell","Dark Horse","Dark Horse Originals","2019","2019"
"AUDIT AUTHORITY","Fear Agent","","Dark Horse","Dark Horse Originals","",""
"AUDIT SERIES","Fear Agent","Fear Agent","Dark Horse","Dark Horse Originals","2007","2011"
"AUDIT SERIES","Fear Agent","Fear Agent: The Last Goodbye","Dark Horse","Dark Horse Originals","2007","2007"
"AUDIT SERIES","Fear Agent","Fear Agent: I Against I","Dark Horse","Dark Horse Originals","2008","2009"
"AUDIT AUTHORITY","Fight Club","","Dark Horse","Dark Horse Originals","",""
"AUDIT SERIES","Fight Club","Fight Club 2","Dark Horse","Dark Horse Originals","2015","2016"
"AUDIT SERIES","Fight Club","Fight Club 3","Dark Horse","Dark Horse Originals","2019","2020"
"AUDIT AUTHORITY","Flaming Carrot","","Dark Horse","Dark Horse Originals","",""
"AUDIT SERIES","Flaming Carrot","Flaming Carrot Comics","Dark Horse","Dark Horse Originals","1988","1994"
"AUDIT SERIES","Flaming Carrot","Flaming Carrot & Reid Fleming, World’s Toughest Milkman","Dark Horse","Dark Horse Originals","2002","2002"
"AUDIT AUTHORITY","Freaks of the Heartland","","Dark Horse","Dark Horse Originals","",""
"AUDIT SERIES","Freaks of the Heartland","Freaks of the Heartland","Dark Horse","Dark Horse Originals","2004","2005"
"AUDIT AUTHORITY","The Goon","","Dark Horse","Dark Horse Originals","",""
"AUDIT SERIES","The Goon","The Goon","Dark Horse","Dark Horse Originals","2003","2013"
"AUDIT SERIES","The Goon","The Goon: Once Upon a Hard Time","Dark Horse","Dark Horse Originals","2015","2015"
"AUDIT SERIES","The Goon","The Goon","Dark Horse","Dark Horse Originals","2019","2020"
"AUDIT AUTHORITY","Grendel","","Dark Horse","Maverick","",""
"AUDIT SERIES","Grendel","Grendel","Dark Horse","Maverick","1986","1990"
"AUDIT SERIES","Grendel","Grendel Tales","Dark Horse","Maverick","1993","1996"
"AUDIT SERIES","Grendel","Grendel: Devil’s Legacy","Dark Horse","Maverick","2000","2001"
"AUDIT SERIES","Grendel","Grendel: Red, White, and Black","Dark Horse","Maverick","2002","2003"
"AUDIT SERIES","Grendel","Grendel: Behold the Devil","Dark Horse","Maverick","2007","2008"
"AUDIT SERIES","Grendel","Grendel: Devil’s Odyssey","Dark Horse","Maverick","2019","2021"
"AUDIT AUTHORITY","Harrow County","","Dark Horse","Dark Horse Originals","",""
"AUDIT SERIES","Harrow County","Harrow County","Dark Horse","Dark Horse Originals","2015","2018"
"AUDIT SERIES","Harrow County","Tales from Harrow County: Death’s Choir","Dark Horse","Dark Horse Originals","2019","2020"
"AUDIT SERIES","Harrow County","Tales from Harrow County: Fair Folk","Dark Horse","Dark Horse Originals","2021","2021"
"AUDIT AUTHORITY","Jenny Finn","","Dark Horse","Dark Horse Originals","",""
"AUDIT SERIES","Jenny Finn","Jenny Finn: Doom Messiah","Dark Horse","Dark Horse Originals","2005","2005"
"AUDIT AUTHORITY","Jingle Belle","","Dark Horse","Dark Horse Originals","",""
"AUDIT SERIES","Jingle Belle","Jingle Belle","Dark Horse","Dark Horse Originals","2004","2005"
"AUDIT SERIES","Jingle Belle","Jingle Belle: The Fight Before Christmas","Dark Horse","Dark Horse Originals","2005","2005"
"AUDIT AUTHORITY","Lady Killer","","Dark Horse","Dark Horse Originals","",""
"AUDIT SERIES","Lady Killer","Lady Killer","Dark Horse","Dark Horse Originals","2015","2015"
"AUDIT SERIES","Lady Killer","Lady Killer 2","Dark Horse","Dark Horse Originals","2016","2017"
"AUDIT AUTHORITY","The Mask","","Dark Horse","Dark Horse Originals","",""
"AUDIT SERIES","The Mask","The Mask","Dark Horse","Dark Horse Originals","1991","1992"
"AUDIT SERIES","The Mask","The Mask Returns","Dark Horse","Dark Horse Originals","1992","1993"
"AUDIT SERIES","The Mask","The Mask Strikes Back","Dark Horse","Dark Horse Originals","1995","1995"
"AUDIT SERIES","The Mask","The Mask: The Hunt for Green October","Dark Horse","Dark Horse Originals","1995","1995"
"AUDIT SERIES","The Mask","The Mask: World Tour","Dark Horse","Dark Horse Originals","1995","1996"
"AUDIT SERIES","The Mask","I Pledge Allegiance to the Mask","Dark Horse","Dark Horse Originals","2019","2020"
"AUDIT AUTHORITY","The Massive","","Dark Horse","Dark Horse Originals","",""
"AUDIT SERIES","The Massive","The Massive","Dark Horse","Dark Horse Originals","2012","2014"
"AUDIT SERIES","The Massive","The Massive: Ninth Wave","Dark Horse","Dark Horse Originals","2015","2016"
"AUDIT AUTHORITY","Mind MGMT","","Dark Horse","Dark Horse Originals","",""
"AUDIT SERIES","Mind MGMT","Mind MGMT","Dark Horse","Dark Horse Originals","2012","2015"
"AUDIT SERIES","Mind MGMT","Mind MGMT: Bootleg","Dark Horse","Dark Horse Originals","2022","2022"
"AUDIT AUTHORITY","Nexus","","Dark Horse","Dark Horse Originals","",""
"AUDIT SERIES","Nexus","Nexus","Dark Horse","Dark Horse Originals","1992","1997"
"AUDIT SERIES","Nexus","Nexus: The Origin","Dark Horse","Dark Horse Originals","1992","1992"
"AUDIT SERIES","Nexus","Nexus: Alien Justice","Dark Horse","Dark Horse Originals","1992","1993"
"AUDIT SERIES","Nexus","Nexus: Nightmare in Blue","Dark Horse","Dark Horse Originals","1997","1997"
"AUDIT AUTHORITY","Noir","","Dark Horse","Dark Horse Originals","",""
"AUDIT SERIES","Noir","Noir: A Collection of Crime Comics","Dark Horse","Dark Horse Originals","2009","2009"
"AUDIT AUTHORITY","Norse Mythology","","Dark Horse","Dark Horse Originals","",""
"AUDIT SERIES","Norse Mythology","Norse Mythology","Dark Horse","Dark Horse Originals","2020","2021"
"AUDIT SERIES","Norse Mythology","Norse Mythology II","Dark Horse","Dark Horse Originals","2021","2022"
"AUDIT SERIES","Norse Mythology","Norse Mythology III","Dark Horse","Dark Horse Originals","2022","2023"
"AUDIT AUTHORITY","The Perhapanauts","","Dark Horse","Dark Horse Originals","",""
"AUDIT SERIES","The Perhapanauts","The Perhapanauts","Dark Horse","Dark Horse Originals","2005","2006"
"AUDIT SERIES","The Perhapanauts","The Perhapanauts: Second Chances","Dark Horse","Dark Horse Originals","2006","2007"
"AUDIT AUTHORITY","Polar","","Dark Horse","Dark Horse Originals","",""
"AUDIT SERIES","Polar","Polar","Dark Horse","Dark Horse Originals","2013","2019"
"AUDIT AUTHORITY","Resident Alien","","Dark Horse","Dark Horse Originals","",""
"AUDIT SERIES","Resident Alien","Resident Alien: Welcome to Earth!","Dark Horse","Dark Horse Originals","2012","2012"
"AUDIT SERIES","Resident Alien","Resident Alien: The Suicide Blonde","Dark Horse","Dark Horse Originals","2013","2014"
"AUDIT SERIES","Resident Alien","Resident Alien: The Sam Hain Mystery","Dark Horse","Dark Horse Originals","2015","2015"
"AUDIT SERIES","Resident Alien","Resident Alien: The Man with No Name","Dark Horse","Dark Horse Originals","2016","2016"
"AUDIT SERIES","Resident Alien","Resident Alien: An Alien in New York","Dark Horse","Dark Horse Originals","2018","2018"
"AUDIT SERIES","Resident Alien","Resident Alien: Your Ride’s Here","Dark Horse","Dark Horse Originals","2020","2021"
"AUDIT SERIES","Resident Alien","Resident Alien: The Book of Love","Dark Horse","Dark Horse Originals","2022","2023"
"AUDIT AUTHORITY","Rumble","","Dark Horse","Dark Horse Originals","",""
"AUDIT SERIES","Rumble","Rumble","Dark Horse","Dark Horse Originals","2017","2019"
"AUDIT AUTHORITY","Sin City","","Dark Horse","Legend / Maverick","",""
"AUDIT SERIES","Sin City","Sin City","Dark Horse","Legend / Maverick","1991","1992"
"AUDIT SERIES","Sin City","A Dame to Kill For","Dark Horse","Legend / Maverick","1993","1994"
"AUDIT SERIES","Sin City","The Big Fat Kill","Dark Horse","Legend / Maverick","1994","1995"
"AUDIT SERIES","Sin City","That Yellow Bastard","Dark Horse","Legend / Maverick","1996","1996"
"AUDIT SERIES","Sin City","Family Values","Dark Horse","Legend / Maverick","1997","1997"
"AUDIT SERIES","Sin City","Booze, Broads, & Bullets","Dark Horse","Legend / Maverick","1998","1998"
"AUDIT SERIES","Sin City","Hell and Back","Dark Horse","Legend / Maverick","1999","2000"
"AUDIT AUTHORITY","Sock Monkey","","Dark Horse","Maverick","",""
"AUDIT SERIES","Sock Monkey","Sock Monkey","Dark Horse","Maverick","1998","1998"
"AUDIT SERIES","Sock Monkey","Sock Monkey","Dark Horse","Maverick","1999","1999"
"AUDIT SERIES","Sock Monkey","Sock Monkey","Dark Horse","Maverick","2000","2000"
"AUDIT SERIES","Sock Monkey","Uncle Gabby","Dark Horse","Maverick","2004","2004"
"AUDIT AUTHORITY","Space Usagi","","Dark Horse","Dark Horse Originals","",""
"AUDIT SERIES","Space Usagi","Space Usagi","Dark Horse","Dark Horse Originals","1992","1993"
"AUDIT SERIES","Space Usagi","Space Usagi: Death and Honor","Dark Horse","Dark Horse Originals","1995","1995"
"AUDIT AUTHORITY","The Strain","","Dark Horse","Dark Horse Originals","",""
"AUDIT SERIES","The Strain","The Strain","Dark Horse","Dark Horse Originals","2011","2012"
"AUDIT SERIES","The Strain","The Strain: The Fall","Dark Horse","Dark Horse Originals","2013","2014"
"AUDIT SERIES","The Strain","The Strain: The Night Eternal","Dark Horse","Dark Horse Originals","2014","2015"
"AUDIT SERIES","The Strain","The Strain: Mister Quinlan – Vampire Hunter","Dark Horse","Dark Horse Originals","2016","2017"
"AUDIT AUTHORITY","Too Much Coffee Man","","Dark Horse","Maverick","",""
"AUDIT SERIES","Too Much Coffee Man","Too Much Coffee Man","Dark Horse","Maverick","1994","2000"
"AUDIT SERIES","Too Much Coffee Man","Too Much Coffee Man’s Parade of Tirade","Dark Horse","Maverick","1999","1999"
"AUDIT AUTHORITY","The Umbrella Academy","","Dark Horse","Dark Horse Originals","",""
"AUDIT SERIES","The Umbrella Academy","The Umbrella Academy: Apocalypse Suite","Dark Horse","Dark Horse Originals","2007","2008"
"AUDIT SERIES","The Umbrella Academy","The Umbrella Academy: Dallas","Dark Horse","Dark Horse Originals","2008","2009"
"AUDIT SERIES","The Umbrella Academy","The Umbrella Academy: Hotel Oblivion","Dark Horse","Dark Horse Originals","2018","2019"
"AUDIT SERIES","The Umbrella Academy","Tales from the Umbrella Academy: You Look Like Death","Dark Horse","Dark Horse Originals","2020","2021"
"AUDIT SERIES","The Umbrella Academy","The Umbrella Academy: Plan B","Dark Horse","Dark Horse Originals","2025","2026"
"AUDIT AUTHORITY","Usagi Yojimbo","","Dark Horse","Maverick","",""
"AUDIT SERIES","Usagi Yojimbo","Usagi Yojimbo","Dark Horse","Maverick","1996","2019"
"AUDIT SERIES","Usagi Yojimbo","Usagi Yojimbo: Senso","Dark Horse","Maverick","2014","2014"
"AUDIT SERIES","Usagi Yojimbo","Usagi Yojimbo: The Hidden","Dark Horse","Maverick","2018","2018"
"AUDIT AUTHORITY","Hellboy","","Dark Horse","Hellboy Universe","",""
"AUDIT SERIES","Hellboy","Hellboy: Seed of Destruction","Dark Horse","Hellboy Universe","1994","1994"
"AUDIT SERIES","Hellboy","Hellboy: Wake the Devil","Dark Horse","Hellboy Universe","1996","1996"
"AUDIT SERIES","Hellboy","Hellboy: Almost Colossus","Dark Horse","Hellboy Universe","1997","1997"
"AUDIT SERIES","Hellboy","Hellboy: The Right Hand of Doom","Dark Horse","Hellboy Universe","1998","2000"
"AUDIT SERIES","Hellboy","Hellboy: Conqueror Worm","Dark Horse","Hellboy Universe","2001","2001"
"AUDIT SERIES","Hellboy","Hellboy: The Third Wish","Dark Horse","Hellboy Universe","2002","2002"
"AUDIT SERIES","Hellboy","Hellboy: The Island","Dark Horse","Hellboy Universe","2005","2005"
"AUDIT SERIES","Hellboy","Hellboy in Hell","Dark Horse","Hellboy Universe","2012","2016"
"AUDIT SERIES","Hellboy","Young Hellboy: The Hidden Land","Dark Horse","Hellboy Universe","2021","2021"
"AUDIT AUTHORITY","B.P.R.D.","","Dark Horse","Hellboy Universe","",""
"AUDIT SERIES","B.P.R.D.","B.P.R.D.: Hollow Earth","Dark Horse","Hellboy Universe","2002","2002"
"AUDIT SERIES","B.P.R.D.","B.P.R.D.","Dark Horse","Hellboy Universe","2003","2012"
"AUDIT SERIES","B.P.R.D.","B.P.R.D.: Plague of Frogs","Dark Horse","Hellboy Universe","2004","2005"
"AUDIT SERIES","B.P.R.D.","B.P.R.D.: Hell on Earth","Dark Horse","Hellboy Universe","2010","2017"
"AUDIT SERIES","B.P.R.D.","B.P.R.D.: The Devil You Know","Dark Horse","Hellboy Universe","2017","2019"
"AUDIT AUTHORITY","Abe Sapien","","Dark Horse","Hellboy Universe","",""
"AUDIT SERIES","Abe Sapien","Abe Sapien: Drums of the Dead","Dark Horse","Hellboy Universe","1998","1998"
"AUDIT SERIES","Abe Sapien","Abe Sapien: The Drowning","Dark Horse","Hellboy Universe","2008","2008"
"AUDIT SERIES","Abe Sapien","Abe Sapien","Dark Horse","Hellboy Universe","2013","2016"
"AUDIT AUTHORITY","Hellboy and the B.P.R.D.","","Dark Horse","Hellboy Universe","",""
"AUDIT SERIES","Hellboy and the B.P.R.D.","Hellboy and the B.P.R.D.","Dark Horse","Hellboy Universe","2014","2023"
"AUDIT AUTHORITY","Lobster Johnson","","Dark Horse","Hellboy Universe","",""
"AUDIT SERIES","Lobster Johnson","Lobster Johnson: The Iron Prometheus","Dark Horse","Hellboy Universe","2007","2008"
"AUDIT SERIES","Lobster Johnson","Lobster Johnson: The Burning Hand","Dark Horse","Hellboy Universe","2012","2012"
"AUDIT SERIES","Lobster Johnson","Lobster Johnson: Get the Lobster","Dark Horse","Hellboy Universe","2014","2014"
"AUDIT AUTHORITY","Witchfinder","","Dark Horse","Hellboy Universe","",""
"AUDIT SERIES","Witchfinder","Sir Edward Grey, Witchfinder: In the Service of Angels","Dark Horse","Hellboy Universe","2009","2009"
"AUDIT SERIES","Witchfinder","Witchfinder: Lost and Gone Forever","Dark Horse","Hellboy Universe","2011","2011"
"AUDIT SERIES","Witchfinder","Witchfinder: The Mysteries of Unland","Dark Horse","Hellboy Universe","2014","2014"
"AUDIT SERIES","Witchfinder","Witchfinder: City of the Dead","Dark Horse","Hellboy Universe","2016","2017"
"AUDIT SERIES","Witchfinder","Witchfinder: The Gates of Heaven","Dark Horse","Hellboy Universe","2018","2018"
"AUDIT AUTHORITY","Frankenstein Underground","","Dark Horse","Hellboy Universe","",""
"AUDIT SERIES","Frankenstein Underground","Frankenstein Underground","Dark Horse","Hellboy Universe","2015","2015"
"AUDIT AUTHORITY","Joe Golem","","Dark Horse","Outerverse","",""
"AUDIT SERIES","Joe Golem","Joe Golem: Occult Detective","Dark Horse","Outerverse","2015","2017"
"AUDIT SERIES","Joe Golem","Joe Golem: Occult Detective – The Drowning City","Dark Horse","Outerverse","2018","2018"
"AUDIT SERIES","Joe Golem","Joe Golem: Occult Detective – The Conjurors","Dark Horse","Outerverse","2019","2019"
"AUDIT AUTHORITY","Koschei","","Dark Horse","Hellboy Universe","",""
"AUDIT SERIES","Koschei","Koschei the Deathless","Dark Horse","Hellboy Universe","2018","2018"
"AUDIT SERIES","Koschei","Koschei in Hell","Dark Horse","Hellboy Universe","2022","2023"
"AUDIT AUTHORITY","Lady Baltimore","","Dark Horse","Outerverse","",""
"AUDIT SERIES","Lady Baltimore","Lady Baltimore: The Witch Queens","Dark Horse","Outerverse","2021","2021"
"AUDIT AUTHORITY","The Visitor","","Dark Horse","Hellboy Universe","",""
"AUDIT SERIES","The Visitor","The Visitor: How and Why He Stayed","Dark Horse","Hellboy Universe","2017","2017"
"AUDIT AUTHORITY","Barb Wire","","Dark Horse","Comics' Greatest World / Project Black Sky","",""
"AUDIT SERIES","Barb Wire","Barb Wire","Dark Horse","Comics' Greatest World / Project Black Sky","1994","1995"
"AUDIT SERIES","Barb Wire","Barb Wire: Ace of Spades","Dark Horse","Comics' Greatest World / Project Black Sky","1996","1996"
"AUDIT SERIES","Barb Wire","Barb Wire","Dark Horse","Comics' Greatest World / Project Black Sky","2015","2016"
"AUDIT AUTHORITY","Ghost","","Dark Horse","Comics' Greatest World / Project Black Sky","",""
"AUDIT SERIES","Ghost","Ghost","Dark Horse","Comics' Greatest World / Project Black Sky","1995","1998"
"AUDIT SERIES","Ghost","Ghost","Dark Horse","Comics' Greatest World / Project Black Sky","1998","2000"
"AUDIT SERIES","Ghost","Ghost","Dark Horse","Comics' Greatest World / Project Black Sky","2012","2013"
"AUDIT SERIES","Ghost","Ghost","Dark Horse","Comics' Greatest World / Project Black Sky","2013","2015"
"AUDIT AUTHORITY","X","","Dark Horse","Comics' Greatest World / Project Black Sky","",""
"AUDIT SERIES","X","X","Dark Horse","Comics' Greatest World / Project Black Sky","1994","1996"
"AUDIT SERIES","X","X","Dark Horse","Comics' Greatest World / Project Black Sky","2013","2015"
"AUDIT AUTHORITY","Catalyst","","Dark Horse","Comics' Greatest World / Project Black Sky","",""
"AUDIT SERIES","Catalyst","Catalyst: Agents of Change","Dark Horse","Comics' Greatest World / Project Black Sky","1994","1994"
"AUDIT SERIES","Catalyst","Catalyst Comix","Dark Horse","Comics' Greatest World / Project Black Sky","2013","2014"
"AUDIT AUTHORITY","Agents of Law","","Dark Horse","Comics' Greatest World","",""
"AUDIT SERIES","Agents of Law","Agents of Law","Dark Horse","Comics' Greatest World","1995","1995"
"AUDIT AUTHORITY","Division 13","","Dark Horse","Comics' Greatest World","",""
"AUDIT SERIES","Division 13","Division 13","Dark Horse","Comics' Greatest World","1994","1995"
"AUDIT AUTHORITY","Hero Zero","","Dark Horse","Comics' Greatest World","",""
"AUDIT SERIES","Hero Zero","Hero Zero","Dark Horse","Comics' Greatest World","1994","1994"
"AUDIT AUTHORITY","Motorhead","","Dark Horse","Comics' Greatest World","",""
"AUDIT SERIES","Motorhead","Motorhead Special","Dark Horse","Comics' Greatest World","1994","1994"
"AUDIT SERIES","Motorhead","Motorhead","Dark Horse","Comics' Greatest World","1995","1996"
"AUDIT SERIES","Motorhead","King Tiger & Motorhead","Dark Horse","Comics' Greatest World","1996","1996"
"AUDIT AUTHORITY","Out of the Vortex","","Dark Horse","Comics' Greatest World","",""
"AUDIT SERIES","Out of the Vortex","Out of the Vortex","Dark Horse","Comics' Greatest World","1993","1994"
"AUDIT AUTHORITY","The Machine","","Dark Horse","Comics' Greatest World","",""
"AUDIT SERIES","The Machine","The Machine","Dark Horse","Comics' Greatest World","1994","1995"
"AUDIT AUTHORITY","Brain Boy","","Dark Horse","Project Black Sky","",""
"AUDIT SERIES","Brain Boy","Brain Boy","Dark Horse","Project Black Sky","2013","2013"
"AUDIT SERIES","Brain Boy","Brain Boy: The Men from G.E.S.T.A.L.T.","Dark Horse","Project Black Sky","2014","2014"
"AUDIT AUTHORITY","Captain Midnight","","Dark Horse","Project Black Sky","",""
"AUDIT SERIES","Captain Midnight","Captain Midnight","Dark Horse","Project Black Sky","2013","2015"
"AUDIT AUTHORITY","The Occultist","","Dark Horse","Project Black Sky","",""
"AUDIT SERIES","The Occultist","The Occultist","Dark Horse","Project Black Sky","2010","2010"
"AUDIT SERIES","The Occultist","The Occultist","Dark Horse","Project Black Sky","2011","2012"
"AUDIT SERIES","The Occultist","The Occultist","Dark Horse","Project Black Sky","2013","2014"
"AUDIT AUTHORITY","Skyman","","Dark Horse","Project Black Sky","",""
"AUDIT SERIES","Skyman","Skyman","Dark Horse","Project Black Sky","2014","2014"
"AUDIT AUTHORITY","Blackout","","Dark Horse","Project Black Sky","",""
"AUDIT SERIES","Blackout","Blackout","Dark Horse","Project Black Sky","2014","2014"
"AUDIT AUTHORITY","Babe","","Dark Horse","Legend","",""
"AUDIT SERIES","Babe","Babe","Dark Horse","Legend","1994","1994"
"AUDIT SERIES","Babe","Babe 2","Dark Horse","Legend","1995","1995"
"AUDIT AUTHORITY","Big Guy and Rusty the Boy Robot","","Dark Horse","Legend","",""
"AUDIT SERIES","Big Guy and Rusty the Boy Robot","Big Guy and Rusty the Boy Robot","Dark Horse","Legend","1995","1995"
"AUDIT AUTHORITY","Danger Unlimited","","Dark Horse","Legend","",""
"AUDIT SERIES","Danger Unlimited","Danger Unlimited","Dark Horse","Legend","1994","1994"
"AUDIT AUTHORITY","Madman","","Dark Horse","Legend / Maverick","",""
"AUDIT SERIES","Madman","Madman Comics","Dark Horse","Legend / Maverick","1994","2000"
"AUDIT AUTHORITY","Martha Washington","","Dark Horse","Legend","",""
"AUDIT SERIES","Martha Washington","Give Me Liberty","Dark Horse","Legend","1990","1991"
"AUDIT SERIES","Martha Washington","Martha Washington Goes to War","Dark Horse","Legend","1994","1994"
"AUDIT SERIES","Martha Washington","Martha Washington Stranded in Space","Dark Horse","Legend","1995","1995"
"AUDIT SERIES","Martha Washington","Martha Washington Saves the World","Dark Horse","Legend","1997","1998"
"AUDIT SERIES","Martha Washington","Martha Washington Dies","Dark Horse","Legend","2007","2007"
"AUDIT AUTHORITY","Monkeyman and O’Brien","","Dark Horse","Legend","",""
"AUDIT SERIES","Monkeyman and O’Brien","Monkeyman and O’Brien","Dark Horse","Legend","1996","1996"
"AUDIT AUTHORITY","Next Men","","Dark Horse","Legend","",""
"AUDIT SERIES","Next Men","John Byrne’s 2112","Dark Horse","Legend","1991","1991"
"AUDIT SERIES","Next Men","John Byrne’s Next Men","Dark Horse","Legend","1992","1994"
"AUDIT AUTHORITY","Star Slammers","","Dark Horse","Legend","",""
"AUDIT SERIES","Star Slammers","Star Slammers Special","Dark Horse","Legend","1996","1996"
"AUDIT AUTHORITY","Air","","Dark Horse","Berger Books","",""
"AUDIT SERIES","Air","Air","Dark Horse","Berger Books","2018","2019"
"AUDIT AUTHORITY","Everything","","Dark Horse","Berger Books","",""
"AUDIT SERIES","Everything","Everything","Dark Horse","Berger Books","2019","2020"
"AUDIT AUTHORITY","The Seeds","","Dark Horse","Berger Books","",""
"AUDIT SERIES","The Seeds","The Seeds","Dark Horse","Berger Books","2018","2021"
"AUDIT AUTHORITY","Hungry Ghosts","","Dark Horse","Berger Books","",""
"AUDIT SERIES","Hungry Ghosts","Hungry Ghosts","Dark Horse","Berger Books","2018","2018"
"AUDIT AUTHORITY","Incognegro","","Dark Horse","Berger Books","",""
"AUDIT SERIES","Incognegro","Incognegro: Renaissance","Dark Horse","Berger Books","2018","2018"
"AUDIT AUTHORITY","Invisible Kingdom","","Dark Horse","Berger Books","",""
"AUDIT SERIES","Invisible Kingdom","Invisible Kingdom","Dark Horse","Berger Books","2019","2020"
"AUDIT AUTHORITY","LaGuardia","","Dark Horse","Berger Books","",""
"AUDIT SERIES","LaGuardia","LaGuardia","Dark Horse","Berger Books","2018","2019"
"AUDIT AUTHORITY","Mata Hari","","Dark Horse","Berger Books","",""
"AUDIT SERIES","Mata Hari","Mata Hari","Dark Horse","Berger Books","2018","2018"
"AUDIT AUTHORITY","Ruby Falls","","Dark Horse","Berger Books","",""
"AUDIT SERIES","Ruby Falls","Ruby Falls","Dark Horse","Berger Books","2019","2020"
"AUDIT AUTHORITY","Salamandre","","Dark Horse","Berger Books","",""
"AUDIT SERIES","Salamandre","Salamandre","Dark Horse","Berger Books","2022","2022"
"AUDIT AUTHORITY","She Could Fly","","Dark Horse","Berger Books","",""
"AUDIT SERIES","She Could Fly","She Could Fly","Dark Horse","Berger Books","2018","2018"
"AUDIT SERIES","She Could Fly","She Could Fly: The Lost Pilot","Dark Horse","Berger Books","2019","2019"
"AUDIT SERIES","She Could Fly","She Could Fly: Fight or Flight","Dark Horse","Berger Books","2020","2020"
"AUDIT AUTHORITY","3×3 Eyes","","Dark Horse","Dark Horse Manga","",""
"AUDIT SERIES","3×3 Eyes","3×3 Eyes: Curse of the Gesu","Dark Horse","Dark Horse Manga","1995","1996"
"AUDIT AUTHORITY","Astro Boy","","Dark Horse","Dark Horse Manga","",""
"AUDIT SERIES","Astro Boy","Astro Boy","Dark Horse","Dark Horse Manga","2002","2004"
"AUDIT AUTHORITY","Berserk","","Dark Horse","Dark Horse Manga","",""
"AUDIT SERIES","Berserk","Berserk","Dark Horse","Dark Horse Manga","2003","2026"
"AUDIT AUTHORITY","Blade of the Immortal","","Dark Horse","Dark Horse Manga","",""
"AUDIT SERIES","Blade of the Immortal","Blade of the Immortal","Dark Horse","Dark Horse Manga","1996","2007"
"AUDIT AUTHORITY","Blood+","","Dark Horse","Dark Horse Manga","",""
"AUDIT SERIES","Blood+","Blood+","Dark Horse","Dark Horse Manga","2008","2009"
"AUDIT SERIES","Blood+","Blood-C","Dark Horse","Dark Horse Manga","2012","2015"
"AUDIT AUTHORITY","Cardcaptor Sakura","","Dark Horse","Dark Horse Manga","",""
"AUDIT SERIES","Cardcaptor Sakura","Cardcaptor Sakura","Dark Horse","Dark Horse Manga","2010","2012"
"AUDIT AUTHORITY","Crying Freeman","","Dark Horse","Dark Horse Manga","",""
"AUDIT SERIES","Crying Freeman","Crying Freeman","Dark Horse","Dark Horse Manga","2006","2007"
"AUDIT AUTHORITY","Danganronpa","","Dark Horse","Dark Horse Manga","",""
"AUDIT SERIES","Danganronpa","Danganronpa: The Animation","Dark Horse","Dark Horse Manga","2016","2017"
"AUDIT SERIES","Danganronpa","Danganronpa 2: Ultimate Luck and Hope and Despair","Dark Horse","Dark Horse Manga","2018","2020"
"AUDIT AUTHORITY","Drifters","","Dark Horse","Dark Horse Manga","",""
"AUDIT SERIES","Drifters","Drifters","Dark Horse","Dark Horse Manga","2011","2026"
"AUDIT AUTHORITY","Eden: It’s an Endless World!","","Dark Horse","Dark Horse Manga","",""
"AUDIT SERIES","Eden: It’s an Endless World!","Eden: It’s an Endless World!","Dark Horse","Dark Horse Manga","2005","2016"
"AUDIT AUTHORITY","Elfen Lied","","Dark Horse","Dark Horse Manga","",""
"AUDIT SERIES","Elfen Lied","Elfen Lied","Dark Horse","Dark Horse Manga","2019","2020"
"AUDIT AUTHORITY","Gantz","","Dark Horse","Dark Horse Manga","",""
"AUDIT SERIES","Gantz","Gantz","Dark Horse","Dark Horse Manga","2008","2015"
"AUDIT SERIES","Gantz","Gantz G","Dark Horse","Dark Horse Manga","2018","2019"
"AUDIT AUTHORITY","Hellsing","","Dark Horse","Dark Horse Manga","",""
"AUDIT SERIES","Hellsing","Hellsing","Dark Horse","Dark Horse Manga","2003","2009"
"AUDIT AUTHORITY","Keep Your Hands Off Eizouken!","","Dark Horse","Dark Horse Manga","",""
"AUDIT SERIES","Keep Your Hands Off Eizouken!","Keep Your Hands Off Eizouken!","Dark Horse","Dark Horse Manga","2020","2026"
"AUDIT AUTHORITY","The Kurosagi Corpse Delivery Service","","Dark Horse","Dark Horse Manga","",""
"AUDIT SERIES","The Kurosagi Corpse Delivery Service","The Kurosagi Corpse Delivery Service","Dark Horse","Dark Horse Manga","2006","2026"
"AUDIT AUTHORITY","Lone Wolf and Cub","","Dark Horse","Dark Horse Manga","",""
"AUDIT SERIES","Lone Wolf and Cub","Lone Wolf and Cub","Dark Horse","Dark Horse Manga","2000","2002"
"AUDIT SERIES","Lone Wolf and Cub","New Lone Wolf and Cub","Dark Horse","Dark Horse Manga","2014","2016"
"AUDIT AUTHORITY","Mob Psycho 100","","Dark Horse","Dark Horse Manga","",""
"AUDIT SERIES","Mob Psycho 100","Mob Psycho 100","Dark Horse","Dark Horse Manga","2018","2026"
"AUDIT AUTHORITY","MPD Psycho","","Dark Horse","Dark Horse Manga","",""
"AUDIT SERIES","MPD Psycho","MPD Psycho","Dark Horse","Dark Horse Manga","2007","2016"
"AUDIT AUTHORITY","Oh My Goddess!","","Dark Horse","Dark Horse Manga","",""
"AUDIT SERIES","Oh My Goddess!","Oh My Goddess!","Dark Horse","Dark Horse Manga","1994","2015"
"AUDIT AUTHORITY","Path of the Assassin","","Dark Horse","Dark Horse Manga","",""
"AUDIT SERIES","Path of the Assassin","Path of the Assassin","Dark Horse","Dark Horse Manga","2006","2008"
"AUDIT AUTHORITY","Planetes","","Dark Horse","Dark Horse Manga","",""
"AUDIT SERIES","Planetes","Planetes","Dark Horse","Dark Horse Manga","2003","2005"
"AUDIT AUTHORITY","Samurai Executioner","","Dark Horse","Dark Horse Manga","",""
"AUDIT SERIES","Samurai Executioner","Samurai Executioner","Dark Horse","Dark Horse Manga","2004","2006"
"AUDIT AUTHORITY","Seraphim: 266613336 Wings","","Dark Horse","Dark Horse Manga","",""
"AUDIT SERIES","Seraphim: 266613336 Wings","Seraphim: 266613336 Wings","Dark Horse","Dark Horse Manga","2015","2015"
"AUDIT AUTHORITY","Trigun","","Dark Horse","Dark Horse Manga","",""
"AUDIT SERIES","Trigun","Trigun","Dark Horse","Dark Horse Manga","2003","2004"
"AUDIT SERIES","Trigun","Trigun Maximum","Dark Horse","Dark Horse Manga","2004","2009"
"AUDIT AUTHORITY","Vampire Hunter D","","Dark Horse","Dark Horse Manga","",""
"AUDIT SERIES","Vampire Hunter D","Vampire Hunter D","Dark Horse","Dark Horse Manga","2007","2014"
"AUDIT AUTHORITY","Alien","","Dark Horse","Licensed","",""
"AUDIT SERIES","Alien","Aliens","Dark Horse","Licensed","1988","2009"
"AUDIT SERIES","Alien","Alien 3","Dark Horse","Licensed","1992","1992"
"AUDIT SERIES","Alien","Alien Resurrection","Dark Horse","Licensed","1997","1997"
"AUDIT SERIES","Alien","Aliens: Colonial Marines","Dark Horse","Licensed","1993","1994"
"AUDIT SERIES","Alien","Aliens: Earth War","Dark Horse","Licensed","1990","1990"
"AUDIT SERIES","Alien","Aliens: Genocide","Dark Horse","Licensed","1991","1992"
"AUDIT SERIES","Alien","Aliens: Hive","Dark Horse","Licensed","1992","1992"
"AUDIT SERIES","Alien","Aliens: Labyrinth","Dark Horse","Licensed","1993","1994"
"AUDIT SERIES","Alien","Aliens: Fire and Stone","Dark Horse","Licensed","2014","2015"
"AUDIT SERIES","Alien","Aliens: Defiance","Dark Horse","Licensed","2016","2017"
"AUDIT SERIES","Alien","Aliens: Dead Orbit","Dark Horse","Licensed","2017","2017"
"AUDIT AUTHORITY","Predator","","Dark Horse","Licensed","",""
"AUDIT SERIES","Predator","Predator","Dark Horse","Licensed","1989","1990"
"AUDIT SERIES","Predator","Predator: Big Game","Dark Horse","Licensed","1991","1991"
"AUDIT SERIES","Predator","Predator: Cold War","Dark Horse","Licensed","1991","1991"
"AUDIT SERIES","Predator","Predator: Bad Blood","Dark Horse","Licensed","1993","1994"
"AUDIT SERIES","Predator","Predator: Concrete Jungle","Dark Horse","Licensed","1989","1990"
"AUDIT SERIES","Predator","Predator: Fire and Stone","Dark Horse","Licensed","2014","2015"
"AUDIT SERIES","Predator","Predator: Hunters","Dark Horse","Licensed","2017","2018"
"AUDIT AUTHORITY","Alien vs. Predator","","Dark Horse","Licensed","",""
"AUDIT SERIES","Alien vs. Predator","Aliens vs. Predator","Dark Horse","Licensed","1990","1991"
"AUDIT SERIES","Alien vs. Predator","Aliens vs. Predator: War","Dark Horse","Licensed","1995","1996"
"AUDIT SERIES","Alien vs. Predator","Alien vs. Predator: Thrill of the Hunt","Dark Horse","Licensed","2004","2004"
"AUDIT SERIES","Alien vs. Predator","Alien vs. Predator: Civilized Beasts","Dark Horse","Licensed","2008","2008"
"AUDIT SERIES","Alien vs. Predator","Alien vs. Predator: Fire and Stone","Dark Horse","Licensed","2014","2015"
"AUDIT SERIES","Alien vs. Predator","Alien vs. Predator: Life and Death","Dark Horse","Licensed","2016","2017"
"AUDIT AUTHORITY","Avatar: The Last Airbender","","Dark Horse","Licensed","",""
"AUDIT SERIES","Avatar: The Last Airbender","Avatar: The Last Airbender","Dark Horse","Licensed","2011","2026"
"AUDIT SERIES","Avatar: The Last Airbender","Avatar: The Last Airbender – The Lost Adventures","Dark Horse","Licensed","2011","2011"
"AUDIT SERIES","Avatar: The Last Airbender","Avatar: The Last Airbender – The Promise","Dark Horse","Licensed","2012","2012"
"AUDIT SERIES","Avatar: The Last Airbender","Avatar: The Last Airbender – The Search","Dark Horse","Licensed","2013","2013"
"AUDIT SERIES","Avatar: The Last Airbender","Avatar: The Last Airbender – The Rift","Dark Horse","Licensed","2014","2015"
"AUDIT SERIES","Avatar: The Last Airbender","Avatar: The Last Airbender – Smoke and Shadow","Dark Horse","Licensed","2015","2016"
"AUDIT SERIES","Avatar: The Last Airbender","Avatar: The Last Airbender – North and South","Dark Horse","Licensed","2016","2017"
"AUDIT SERIES","Avatar: The Last Airbender","Avatar: The Last Airbender – Imbalance","Dark Horse","Licensed","2018","2019"
"AUDIT AUTHORITY","The Legend of Korra","","Dark Horse","Licensed","",""
"AUDIT SERIES","The Legend of Korra","The Legend of Korra","Dark Horse","Licensed","2017","2026"
"AUDIT SERIES","The Legend of Korra","The Legend of Korra: Turf Wars","Dark Horse","Licensed","2017","2018"
"AUDIT SERIES","The Legend of Korra","The Legend of Korra: Ruins of the Empire","Dark Horse","Licensed","2019","2020"
"AUDIT AUTHORITY","Call of Duty","","Dark Horse","Licensed","",""
"AUDIT SERIES","Call of Duty","Call of Duty: Black Ops III","Dark Horse","Licensed","2015","2016"
"AUDIT SERIES","Call of Duty","Call of Duty: Zombies","Dark Horse","Licensed","2016","2017"
"AUDIT AUTHORITY","Cyberpunk 2077","","Dark Horse","Licensed","",""
"AUDIT SERIES","Cyberpunk 2077","Cyberpunk 2077: Trauma Team","Dark Horse","Licensed","2020","2020"
"AUDIT SERIES","Cyberpunk 2077","Cyberpunk 2077: You Have My Word","Dark Horse","Licensed","2021","2022"
"AUDIT SERIES","Cyberpunk 2077","Cyberpunk 2077: Blackout","Dark Horse","Licensed","2022","2022"
"AUDIT SERIES","Cyberpunk 2077","Cyberpunk 2077: XOXO","Dark Horse","Licensed","2023","2024"
"AUDIT SERIES","Cyberpunk 2077","Cyberpunk 2077: Kickdown","Dark Horse","Licensed","2024","2024"
"AUDIT AUTHORITY","Critical Role","","Dark Horse","Licensed","",""
"AUDIT SERIES","Critical Role","Critical Role: Vox Machina Origins","Dark Horse","Licensed","2017","2024"
"AUDIT SERIES","Critical Role","Critical Role: The Mighty Nein Origins","Dark Horse","Licensed","2021","2026"
"AUDIT SERIES","Critical Role","Critical Role: The Tales of Exandria","Dark Horse","Licensed","2021","2022"
"AUDIT AUTHORITY","Dragon Age","","Dark Horse","Licensed","",""
"AUDIT SERIES","Dragon Age","Dragon Age","Dark Horse","Licensed","2010","2011"
"AUDIT SERIES","Dragon Age","Dragon Age: The Silent Grove","Dark Horse","Licensed","2012","2012"
"AUDIT SERIES","Dragon Age","Dragon Age: Those Who Speak","Dark Horse","Licensed","2012","2012"
"AUDIT SERIES","Dragon Age","Dragon Age: Until We Sleep","Dark Horse","Licensed","2013","2013"
"AUDIT SERIES","Dragon Age","Dragon Age: Magekiller","Dark Horse","Licensed","2015","2016"
"AUDIT SERIES","Dragon Age","Dragon Age: Knight Errant","Dark Horse","Licensed","2017","2017"
"AUDIT SERIES","Dragon Age","Dragon Age: Deception","Dark Horse","Licensed","2018","2019"
"AUDIT SERIES","Dragon Age","Dragon Age: Blue Wraith","Dark Horse","Licensed","2020","2020"
"AUDIT SERIES","Dragon Age","Dragon Age: Dark Fortress","Dark Horse","Licensed","2021","2021"
"AUDIT AUTHORITY","EVE Online","","Dark Horse","Licensed","",""
"AUDIT SERIES","EVE Online","EVE: True Stories","Dark Horse","Licensed","2014","2014"
"AUDIT SERIES","EVE Online","EVE: Valkyrie","Dark Horse","Licensed","2015","2016"
"AUDIT AUTHORITY","Ghostbusters","","Dark Horse","Licensed","",""
"AUDIT SERIES","Ghostbusters","Ghostbusters","Dark Horse","Licensed","2008","2008"
"AUDIT SERIES","Ghostbusters","Ghostbusters: The Other Side","Dark Horse","Licensed","2008","2009"
"AUDIT AUTHORITY","G.I. Joe","","Dark Horse","Licensed","",""
"AUDIT SERIES","G.I. Joe","G.I. Joe","Dark Horse","Licensed","1995","1996"
"AUDIT AUTHORITY","God of War","","Dark Horse","Licensed","",""
"AUDIT SERIES","God of War","God of War","Dark Horse","Licensed","2018","2019"
"AUDIT SERIES","God of War","God of War: Fallen God","Dark Horse","Licensed","2021","2021"
"AUDIT AUTHORITY","Halo","","Dark Horse","Licensed","",""
"AUDIT SERIES","Halo","Halo: Uprising","Dark Horse","Licensed","2007","2009"
"AUDIT SERIES","Halo","Halo: Initiation","Dark Horse","Licensed","2013","2013"
"AUDIT SERIES","Halo","Halo: Escalation","Dark Horse","Licensed","2013","2015"
"AUDIT SERIES","Halo","Halo: Tales from Slipspace","Dark Horse","Licensed","2016","2016"
"AUDIT SERIES","Halo","Halo: Collateral Damage","Dark Horse","Licensed","2018","2018"
"AUDIT SERIES","Halo","Halo: Lone Wolf","Dark Horse","Licensed","2019","2019"
"AUDIT AUTHORITY","James Bond","","Dark Horse","Licensed","",""
"AUDIT SERIES","James Bond","James Bond 007: Serpent’s Tooth","Dark Horse","Licensed","1992","1993"
"AUDIT SERIES","James Bond","James Bond 007: A Silent Armageddon","Dark Horse","Licensed","1993","1993"
"AUDIT SERIES","James Bond","James Bond 007: Shattered Helix","Dark Horse","Licensed","1994","1994"
"AUDIT SERIES","James Bond","James Bond 007: The Quasimodo Gambit","Dark Horse","Licensed","1995","1995"
"AUDIT AUTHORITY","Mass Effect","","Dark Horse","Licensed","",""
"AUDIT SERIES","Mass Effect","Mass Effect: Redemption","Dark Horse","Licensed","2010","2010"
"AUDIT SERIES","Mass Effect","Mass Effect: Evolution","Dark Horse","Licensed","2011","2011"
"AUDIT SERIES","Mass Effect","Mass Effect: Invasion","Dark Horse","Licensed","2011","2012"
"AUDIT SERIES","Mass Effect","Mass Effect: Homeworlds","Dark Horse","Licensed","2012","2012"
"AUDIT SERIES","Mass Effect","Mass Effect: Foundation","Dark Horse","Licensed","2013","2014"
"AUDIT SERIES","Mass Effect","Mass Effect: Discovery","Dark Horse","Licensed","2017","2017"
"AUDIT AUTHORITY","Minecraft","","Dark Horse","Licensed","",""
"AUDIT SERIES","Minecraft","Minecraft","Dark Horse","Licensed","2019","2020"
"AUDIT SERIES","Minecraft","Minecraft: Wither Without You","Dark Horse","Licensed","2020","2022"
"AUDIT AUTHORITY","Overwatch","","Dark Horse","Licensed","",""
"AUDIT SERIES","Overwatch","Overwatch: Tracer – London Calling","Dark Horse","Licensed","2020","2021"
"AUDIT SERIES","Overwatch","Overwatch: New Blood","Dark Horse","Licensed","2021","2022"
"AUDIT AUTHORITY","Plants vs. Zombies","","Dark Horse","Licensed","",""
"AUDIT SERIES","Plants vs. Zombies","Plants vs. Zombies","Dark Horse","Licensed","2013","2026"
"AUDIT AUTHORITY","Serenity / Firefly","","Dark Horse","Licensed","",""
"AUDIT SERIES","Serenity / Firefly","Serenity: Those Left Behind","Dark Horse","Licensed","2005","2005"
"AUDIT SERIES","Serenity / Firefly","Serenity: Better Days","Dark Horse","Licensed","2008","2008"
"AUDIT SERIES","Serenity / Firefly","Serenity: The Shepherd’s Tale","Dark Horse","Licensed","2010","2010"
"AUDIT SERIES","Serenity / Firefly","Serenity: Leaves on the Wind","Dark Horse","Licensed","2014","2014"
"AUDIT SERIES","Serenity / Firefly","Serenity: No Power in the ’Verse","Dark Horse","Licensed","2016","2017"
"AUDIT AUTHORITY","StarCraft","","Dark Horse","Licensed","",""
"AUDIT SERIES","StarCraft","StarCraft: Scavengers","Dark Horse","Licensed","2018","2019"
"AUDIT SERIES","StarCraft","StarCraft: Soldiers","Dark Horse","Licensed","2019","2019"
"AUDIT SERIES","StarCraft","StarCraft: Survivors","Dark Horse","Licensed","2019","2020"
"AUDIT AUTHORITY","Stranger Things","","Dark Horse","Licensed","",""
"AUDIT SERIES","Stranger Things","Stranger Things","Dark Horse","Licensed","2018","2019"
"AUDIT SERIES","Stranger Things","Stranger Things: Six","Dark Horse","Licensed","2019","2019"
"AUDIT SERIES","Stranger Things","Stranger Things: Into the Fire","Dark Horse","Licensed","2020","2020"
"AUDIT SERIES","Stranger Things","Stranger Things and Dungeons & Dragons","Dark Horse","Licensed","2020","2021"
"AUDIT SERIES","Stranger Things","Stranger Things: The Voyage","Dark Horse","Licensed","2023","2024"
"AUDIT AUTHORITY","The Last of Us","","Dark Horse","Licensed","",""
"AUDIT SERIES","The Last of Us","The Last of Us: American Dreams","Dark Horse","Licensed","2013","2013"
"AUDIT AUTHORITY","The Terminator","","Dark Horse","Licensed","",""
"AUDIT SERIES","The Terminator","The Terminator","Dark Horse","Licensed","1990","1991"
"AUDIT SERIES","The Terminator","Terminator: The Burning Earth","Dark Horse","Licensed","1990","1990"
"AUDIT SERIES","The Terminator","Terminator: Hunters and Killers","Dark Horse","Licensed","1992","1992"
"AUDIT SERIES","The Terminator","Terminator: Endgame","Dark Horse","Licensed","1992","1992"
"AUDIT SERIES","The Terminator","Terminator 2: Judgment Day – Cybernetic Dawn","Dark Horse","Licensed","1995","1996"
"AUDIT SERIES","The Terminator","Terminator 2: Judgment Day – Nuclear Twilight","Dark Horse","Licensed","1995","1996"
"AUDIT AUTHORITY","Tomb Raider","","Dark Horse","Licensed","",""
"AUDIT SERIES","Tomb Raider","Tomb Raider","Dark Horse","Licensed","1999","2001"
"AUDIT SERIES","Tomb Raider","Tomb Raider","Dark Horse","Licensed","2014","2015"
"AUDIT SERIES","Tomb Raider","Lara Croft and the Frozen Omen","Dark Horse","Licensed","2015","2016"
"AUDIT AUTHORITY","The Witcher","","Dark Horse","Licensed","",""
"AUDIT SERIES","The Witcher","The Witcher","Dark Horse","Licensed","2014","2026"
"AUDIT SERIES","The Witcher","The Witcher: House of Glass","Dark Horse","Licensed","2014","2014"
"AUDIT SERIES","The Witcher","The Witcher: Fox Children","Dark Horse","Licensed","2015","2015"
"AUDIT SERIES","The Witcher","The Witcher: Curse of Crows","Dark Horse","Licensed","2016","2017"
"AUDIT SERIES","The Witcher","The Witcher: Of Flesh and Flame","Dark Horse","Licensed","2018","2019"
"AUDIT SERIES","The Witcher","The Witcher: Fading Memories","Dark Horse","Licensed","2020","2021"
"AUDIT SERIES","The Witcher","The Witcher: Witch’s Lament","Dark Horse","Licensed","2021","2021"
"AUDIT SERIES","The Witcher","The Witcher: The Ballad of Two Wolves","Dark Horse","Licensed","2022","2023"
"AUDIT SERIES","The Witcher","The Witcher: Wild Animals","Dark Horse","Licensed","2023","2024"
