change,id,title,old_parent,new_parent,publisher,type,publishing_line
"REPAIRED","EVT-00127","52","DC Universe","52","DC","Event",""
"ADDED","DCA-0085","Absolute Power","","","DC","Event",""
"REPAIRED","SER-01785","Absolute Power","DC Universe","Absolute Power","DC","Series",""
"REPAIRED","SER-01786","Absolute Power: Ground Zero","DC Universe","Absolute Power","DC","Series",""
"REPAIRED","SER-01787","Absolute Power: Origins","DC Universe","Absolute Power","DC","Series",""
"REPAIRED","SER-01788","Absolute Power: Super Son","DC Universe","Absolute Power","DC","Series",""
"REPAIRED","SER-01789","Absolute Power: Task Force VII","DC Universe","Absolute Power","DC","Series",""
"REPAIRED","SER-00173","Action Comics","Congorilla / Congo Bill","Superman","DC","Series",""
"REPAIRED","SER-00752","Action Comics","Supergirl","Superman","DC","Series",""
"REPAIRED","SER-00857","Action Comics","The Star-Spangled Kid & Stripesy","Superman","DC","Series",""
"REPAIRED","SER-00929","Action Comics Weekly","Vigilante","Superman","DC","Series",""
"REPAIRED","SER-00934","Action Comics Weekly","Vixen","Superman","DC","Series",""
"ADDED","DCA-0200","Adventure Comics","","","DC","Series",""
"REPAIRED","SER-00045","Adventure Comics","Aquaman","Adventure Comics","DC","Series",""
"REPAIRED","SER-00355","Adventure Comics","Hourman","Adventure Comics","DC","Series",""
"REPAIRED","SER-00433","Adventure Comics","Legion of Super-Heroes","Adventure Comics","DC","Series",""
"REPAIRED","SER-00465","Adventure Comics","Manhunter (Dan Richards)","Adventure Comics","DC","Series",""
"REPAIRED","SER-00636","Adventure Comics","Sandman (Wesley Dodds, Golden Age)","Adventure Comics","DC","Series",""
"REPAIRED","SER-00734","Adventure Comics","Starman","Adventure Comics","DC","Series",""
"ADDED","DCA-0001","Air","","","DC","Series","Vertigo"
"ADDED","DCS-0001","Air","","Air","DC","Series","Vertigo"
"REPAIRED","SER-01795","Alan Scott: The Green Lantern","DC Universe","Green Lantern","DC","Series",""
"ADDED","DCA-0201","All-American Comics","","","DC","Series",""
"REPAIRED","SER-00314","All-American Comics","Green Lantern","All-American Comics","DC","Series",""
"REPAIRED","SER-00638","All-American Comics","Sargon the Sorcerer","All-American Comics","DC","Series",""
"ADDED","DCA-0108","Ame-Comi Girls","","","DC","Series",""
"REPAIRED","SER-01444","Ame-Comi Girls","DC Universe","Ame-Comi Girls","DC","Series",""
"REPAIRED","CHR-00019","American Vampire","","","DC","Character","Black Label"
"REPAIRED","SER-01616","American Vampire 1976","DC Universe","American Vampire","DC","Series","Black Label"
"REPAIRED","SER-01602","Amethyst","DC Universe","Amethyst","DC","Series",""
"ADDED","DCS-0136","Aquaman: Andromeda","","Aquaman","DC","Series","Black Label"
"REPAIRED","SER-01550","Aquaman/Jabberjaw Special","DC Universe","Aquaman","DC","Series",""
"REPAIRED","SER-01663","Arkham City: The Order of the World","DC Universe","Batman","DC","Series",""
"ADDED","DCA-0002","Army@Love","","","DC","Series","Vertigo"
"ADDED","DCS-0002","Army@Love","","Army@Love","DC","Series","Vertigo"
"ADDED","DCA-0109","Arrow: Season 2.5","","","DC","Series",""
"REPAIRED","SER-01452","Arrow: Season 2.5","DC Universe","Arrow: Season 2.5","DC","Series",""
"REPAIRED","CHR-00030","Astro City","","","Image","Character","Vertigo"
"ADDED","DCS-0003","Astro City","","Astro City","DC","Series","Vertigo"
"ADDED","DCA-0047","Backlash","","","WildStorm","Series","WildStorm"
"ADDED","DCS-0063","Backlash","","Backlash","WildStorm","Series","WildStorm"
"ADDED","DCA-0039","Basketful of Heads","","","DC","Series","Hill House Comics"
"REPAIRED","SER-01617","Basketful of Heads","DC Universe","Basketful of Heads","DC","Series","Hill House Comics"
"REPAIRED","CHR-00039","Batman","","","DC","Character","Black Label"
"REPAIRED","SER-00594","Batman","Red Hood","Batman","DC","Series",""
"REPAIRED","SER-01710","Batman '89","DC Universe","Batman","DC","Series",""
"ADDED","DCS-0122","Batman & the Joker: The Deadly Duo","","Batman","DC","Series","Black Label"
"REPAIRED","SER-01606","Batman and the Maxx: Arkham Dreams","DC Universe","Batman","DC","Series",""
"REPAIRED","SER-01605","Batman vs. Ra's al Ghul","DC Universe","Batman","DC","Series",""
"REPAIRED","SER-00084","Batman: Curse of the White Knight","Batman Black Label Line","Batman","DC","Series","Black Label"
"REPAIRED","SER-00085","Batman: Damned","Batman Black Label Line","Batman","DC","Series","Black Label"
"REPAIRED","SER-01852","Batman: Gotham by Gaslight – A League for Justice","DC Universe","Batman","DC","Series","Elseworlds"
"REPAIRED","SER-00086","Batman: Last Knight on Earth","Batman Black Label Line","Batman","DC","Series","Black Label"
"ADDED","DCS-0123","Batman: One Bad Day","","Batman","DC","Series","Black Label"
"REPAIRED","SER-01709","Batman: The Adventures Continue Season Two","DC Universe","Batman","DC","Series",""
"REPAIRED","SER-01708","Batman: The Audio Adventures","DC Universe","Batman","DC","Series",""
"REPAIRED","SER-00248","Batman: The Dark Knight Returns","Elseworlds / Alternate Universe","Batman","DC","Series","Elseworlds"
"REPAIRED","SER-00249","Batman: The Dark Knight Strikes Again","Elseworlds / Alternate Universe","Batman","DC","Series","Elseworlds"
"REPAIRED","SER-00087","Batman: Three Jokers","Batman Black Label Line","Batman","DC","Series","Black Label"
"REPAIRED","SER-01714","Batman: Wayne Family Adventures","DC Universe","Batman","DC","Series",""
"REPAIRED","SER-00088","Batman: White Knight","Batman Black Label Line","Batman","DC","Series","Black Label"
"REPAIRED","SER-01800","Batman/Dylan Dog","DC Universe","Batman","DC","Series",""
"REPAIRED","SER-01544","Batman/Elmer Fudd","DC Universe","Batman","DC","Series",""
"REPAIRED","SER-01713","Batman/Fortnite: Foundation","DC Universe","Batman","DC","Series",""
"REPAIRED","SER-01712","Batman/Fortnite: Zero Point","DC Universe","Batman","DC","Series",""
"REPAIRED","SER-01853","Batman/Green Arrow/The Question: Arcadia","DC Universe","Batman","DC","Series",""
"REPAIRED","SER-01798","Batman/Santa Claus: Silent Knight","DC Universe","Batman","DC","Series",""
"REPAIRED","SER-01799","Batman/Santa Claus: Silent Knight Returns","DC Universe","Batman","DC","Series",""
"REPAIRED","SER-01607","Batman/Teenage Mutant Ninja Turtles","DC Universe","Batman","DC","Series",""
"REPAIRED","SER-01542","Batman/Teenage Mutant Ninja Turtles II","DC Universe","Batman","DC","Series",""
"REPAIRED","SER-01543","Batman/Teenage Mutant Ninja Turtles III","DC Universe","Batman","DC","Series",""
"ADDED","DCA-0003","Bite Club","","","DC","Series","Vertigo"
"ADDED","DCS-0004","Bite Club","","Bite Club","DC","Series","Vertigo"
"ADDED","DCS-0005","Bite Club: Vampire Crime Unit","","Bite Club","DC","Series","Vertigo"
"REPAIRED","SER-01463","Bizarro","Superman","Bizarro","DC","Series",""
"ADDED","DCA-0110","Bizarro: Year None","","","DC","Series",""
"REPAIRED","SER-01835","Bizarro: Year None","DC Universe","Bizarro: Year None","DC","Series",""
"ADDED","DCA-0111","Black Lightning/Hong Kong Phooey Special","","","DC","Series",""
"REPAIRED","SER-01551","Black Lightning/Hong Kong Phooey Special","DC Universe","Black Lightning/Hong Kong Phooey Special","DC","Series",""
"ADDED","DCA-0086","Blackest Night","","","DC","Event",""
"REPAIRED","EVT-00076","Blackest Night","Justice League / Universe-Wide","Blackest Night","DC","Event",""
"ADDED","DCA-0112","Bleeding Hearts","","","DC","Series","Vertigo"
"REPAIRED","SER-01864","Bleeding Hearts","Vertigo / Black Label","Bleeding Hearts","DC","Series","Vertigo"
"REPAIRED","SER-01479","Bloodlines","DC Universe","Bloodlines","DC","Series",""
"REPAIRED","SER-00834","Blue Beetle","The Question","Blue Beetle","DC","Series",""
"ADDED","DCA-0030","Bodies","","","DC","Series","Vertigo"
"ADDED","DCS-0037","Bodies","","Bodies","DC","Series","Vertigo"
"REPAIRED","SER-01484","Bombshells","DC Universe","DC Bombshells","DC","Series",""
"REPAIRED","SER-01871","Books of Magic","Sandman","The Books of Magic","DC","Series","Sandman Universe"
"ADDED","DCA-0202","The Brave and the Bold","","","DC","Series",""
"REPAIRED","SER-00484","The Brave and the Bold","Metamorpho","The Brave and the Bold","DC","Series",""
"REPAIRED","SER-00751","The Brave and the Bold","Suicide Squad","The Brave and the Bold","DC","Series",""
"REPAIRED","EVT-00149","Brightest Day","DC Universe","Brightest Day","DC","Event",""
"REPAIRED","SER-01527","Bug! The Adventures of Forager","DC Universe","Forager","DC","Series","Young Animal"
"REPAIRED","SER-00535","Captain Atom","Nightshade","Captain Atom","DC","Series",""
"ADDED","DCA-0034","Cave Carson","","","DC","Series","Young Animal"
"REPAIRED","SER-01596","Cave Carson Has a Cybernetic Eye","DC Universe","Cave Carson","DC","Series","Young Animal"
"ADDED","DCS-0053","Cave Carson Has a Cybernetic Eye/Swamp Thing Special","","Milk Wars","DC","Series","Young Animal"
"REPAIRED","SER-01597","Cave Carson Has an Interstellar Eye","DC Universe","Cave Carson","DC","Series","Young Animal"
"ADDED","DCA-0117","Cheetah and Cheshire Rob the Justice League","","","DC","Series",""
"REPAIRED","SER-01854","Cheetah and Cheshire Rob the Justice League","DC Universe","Cheetah and Cheshire Rob the Justice League","DC","Series",""
"ADDED","DCA-0118","City Boy","","","DC","Series",""
"REPAIRED","SER-01753","City Boy","DC Universe","City Boy","DC","Series",""
"ADDED","DCA-0119","Clayface: Celebrity Dirt","","","DC","Series",""
"REPAIRED","SER-01834","Clayface: Celebrity Dirt","DC Universe","Clayface: Celebrity Dirt","DC","Series",""
"ADDED","DCA-0004","Clean Room","","","DC","Series","Vertigo"
"ADDED","DCS-0006","Clean Room","","Clean Room","DC","Series","Vertigo"
"ADDED","DCA-0029","Coffin Hill","","","DC","Series","Vertigo"
"ADDED","DCS-0036","Coffin Hill","","Coffin Hill","DC","Series","Vertigo"
"ADDED","DCA-0033","Collapser","","","DC","Series","Young Animal"
"ADDED","DCS-0041","Collapser","","Collapser","DC","Series","Young Animal"
"ADDED","DCA-0080","The Comet","","","DC","Series","Impact"
"REPAIRED","SER-00372","The Comet","Impact Comics Imprint (Archie superheroes revival)","The Comet","DC","Series","Impact"
"ADDED","DCA-0046","The Conjuring: The Lover","","","DC","Series","DC Horror"
"ADDED","DCS-0062","The Conjuring: The Lover","","The Conjuring: The Lover","DC","Series","DC Horror"
"REPAIRED","EVT-00061","Convergence","Crisis Saga","Convergence","DC","Event",""
"ADDED","DCA-0087","Cosmic Odyssey","","","DC","Event",""
"REPAIRED","EVT-00108","Cosmic Odyssey","DC Universe","Cosmic Odyssey","DC","Event",""
"REPAIRED","EVT-00132","Countdown","Crisis Saga","Countdown to Final Crisis","DC","Event",""
"REPAIRED","EVT-00133","Countdown to Final Crisis","Crisis Saga","Countdown to Final Crisis","DC","Event",""
"REPAIRED","EVT-00121","Countdown to Infinite Crisis","Crisis Saga","Infinite Crisis","DC","Event",""
"ADDED","DCA-0088","Crisis on Infinite Earths","","","DC","Event",""
"REPAIRED","EVT-00062","Crisis on Infinite Earths","Crisis Saga","Crisis on Infinite Earths","DC","Event",""
"ADDED","DCA-0005","The Crusades","","","DC","Series","Vertigo"
"ADDED","DCS-0007","The Crusades","","The Crusades","DC","Series","Vertigo"
"ADDED","DCA-0122","Crush & Lobo","","","DC","Series",""
"REPAIRED","SER-01698","Crush & Lobo","DC Universe","Crush & Lobo","DC","Series",""
"ADDED","DCA-0184","The Curse of Brimstone","","","DC","Series",""
"ADDED","DCA-0123","Damage","","","DC","Series",""
"REPAIRED","SER-01534","Damage","DC Universe","Damage","DC","Series",""
"ADDED","DCA-0124","Danger Street","","","DC","Series","Black Label"
"REPAIRED","SER-01696","Danger Street","DC Universe","Danger Street","DC","Series","Black Label"
"ADDED","DCA-0041","Daphne Byrne","","","DC","Series","Hill House Comics"
"REPAIRED","SER-01619","Daphne Byrne","DC Universe","Daphne Byrne","DC","Series","Hill House Comics"
"REPAIRED","SER-01650","Dark Crisis on Infinite Earths","DC Universe","Dark Crisis on Infinite Earths","DC","Series",""
"REPAIRED","SER-01722","Dark Crisis: The Dark Army","DC Universe","Dark Crisis on Infinite Earths","DC","Series",""
"REPAIRED","SER-01721","Dark Crisis: The Deadly Green","DC Universe","Dark Crisis on Infinite Earths","DC","Series",""
"REPAIRED","SER-01723","Dark Crisis: War Zone","DC Universe","Dark Crisis on Infinite Earths","DC","Series",""
"REPAIRED","SER-01716","Dark Crisis: Worlds Without a Justice League – Batman","DC Universe","Dark Crisis on Infinite Earths","DC","Series",""
"REPAIRED","SER-01717","Dark Crisis: Worlds Without a Justice League – Green Arrow","DC Universe","Dark Crisis on Infinite Earths","DC","Series",""
"REPAIRED","SER-01718","Dark Crisis: Worlds Without a Justice League – Green Lantern","DC Universe","Dark Crisis on Infinite Earths","DC","Series",""
"REPAIRED","SER-01719","Dark Crisis: Worlds Without a Justice League – Superman","DC Universe","Dark Crisis on Infinite Earths","DC","Series",""
"REPAIRED","SER-01720","Dark Crisis: Worlds Without a Justice League – Wonder Woman","DC Universe","Dark Crisis on Infinite Earths","DC","Series",""
"REPAIRED","SER-01715","Dark Crisis: Young Justice","DC Universe","Dark Crisis on Infinite Earths","DC","Series",""
"ADDED","DCA-0125","Dark Knights of Steel","","","DC","Series",""
"REPAIRED","SER-01695","Dark Knights of Steel","DC Universe","Dark Knights of Steel","DC","Series",""
"REPAIRED","SER-01837","Dark Knights of Steel II","DC Universe","Dark Knights of Steel","DC","Series",""
"ADDED","DCA-0089","Dark Nights: Death Metal","","","DC","Event",""
"REPAIRED","EVT-00063","Dark Nights: Death Metal","Crisis Saga","Dark Nights: Death Metal","DC","Event",""
"REPAIRED","SER-01574","Dark Nights: Death Metal","DC Universe","Dark Nights: Death Metal","DC","Series",""
"REPAIRED","SER-01575","Dark Nights: Death Metal – Legends of the Dark Knights","DC Universe","Dark Nights: Death Metal","DC","Series",""
"REPAIRED","SER-01578","Dark Nights: Death Metal – Multiverse's End","DC Universe","Dark Nights: Death Metal","DC","Series",""
"REPAIRED","SER-01579","Dark Nights: Death Metal – Rise of the New God","DC Universe","Dark Nights: Death Metal","DC","Series",""
"REPAIRED","SER-01577","Dark Nights: Death Metal – Speed Metal","DC Universe","Dark Nights: Death Metal","DC","Series",""
"REPAIRED","SER-01582","Dark Nights: Death Metal – The Last 52: War of the Multiverses","DC Universe","Dark Nights: Death Metal","DC","Series",""
"REPAIRED","SER-01581","Dark Nights: Death Metal – The Last Stories of the DC Universe","DC Universe","Dark Nights: Death Metal","DC","Series",""
"REPAIRED","SER-01580","Dark Nights: Death Metal – The Secret Origin","DC Universe","Dark Nights: Death Metal","DC","Series",""
"REPAIRED","SER-01576","Dark Nights: Death Metal – Trinity Crisis","DC Universe","Dark Nights: Death Metal","DC","Series",""
"REPAIRED","EVT-00064","Dark Nights: Metal","Crisis Saga","Dark Nights: Metal","DC","Event",""
"REPAIRED","SER-01510","Dark Nights: Metal","DC Universe","Dark Nights: Metal","DC","Series",""
"ADDED","DCA-0076","Dastardly and Muttley","","","DC","Series","Hanna-Barbera Beyond"
"REPAIRED","SER-01495","Dastardly and Muttley","DC Universe","Dastardly and Muttley","DC","Series",""
"ADDED","DCA-0090","Day of Judgment","","","DC","Event",""
"REPAIRED","EVT-00118","Day of Judgment","DC Universe","Day of Judgment","DC","Event",""
"REPAIRED","EVT-00122","Day of Vengeance","Crisis Saga","Infinite Crisis","DC","Event",""
"ADDED","DCA-0006","Daytripper","","","DC","Series","Vertigo"
"ADDED","DCS-0008","Daytripper","","Daytripper","DC","Series","Vertigo"
"ADDED","DCA-0127","DC All In Special","","","DC","Series",""
"REPAIRED","SER-01807","DC All In Special","DC Universe","DC All In Special","DC","Series",""
"ADDED","DCA-0113","DC Bombshells","","","DC","Series",""
"REPAIRED","SER-01485","DC Comics Bombshells","DC Universe","DC Bombshells","DC","Series",""
"REPAIRED","SER-01486","DC Comics: Bombshells United","DC Universe","DC Bombshells","DC","Series",""
"ADDED","DCA-0128","DC Horror Presents","","","DC","Series","DC Horror"
"REPAIRED","SER-01840","DC Horror Presents","DC Universe","DC Horror Presents","DC","Series","DC Horror"
"ADDED","DCA-0129","DC K.O.","","","DC","Series",""
"REPAIRED","SER-01843","DC K.O.","DC Universe","DC K.O.","DC","Series",""
"REPAIRED","EVT-00179","DC K.O.: Boss Battle","DC Universe","DC K.O.","DC","Event",""
"REPAIRED","EVT-00178","DC K.O.: Green Lantern Galactic Slam","DC Universe","DC K.O.","DC","Event",""
"REPAIRED","SER-01847","DC K.O.: Harley Quinn vs. Zatanna","DC Universe","DC K.O.","DC","Series",""
"REPAIRED","SER-01844","DC K.O.: Knightfight","DC Universe","DC K.O.","DC","Series",""
"REPAIRED","SER-01846","DC K.O.: Red Hood vs. Joker","DC Universe","DC K.O.","DC","Series",""
"REPAIRED","SER-01845","DC K.O.: Superman vs. Captain Atom","DC Universe","DC K.O.","DC","Series",""
"ADDED","DCA-0130","DC Meets Hanna-Barbera","","","DC","Series",""
"REPAIRED","SER-01545","DC Meets Hanna-Barbera","DC Universe","DC Meets Hanna-Barbera","DC","Series",""
"ADDED","DCA-0091","DC One Million","","","DC","Event",""
"REPAIRED","EVT-00117","DC One Million","DC Universe","DC One Million","DC","Event",""
"ADDED","DCA-0131","DC Universe Presents","","","DC","Series",""
"REPAIRED","SER-01347","DC Universe Presents","DC Universe","DC Universe Presents","DC","Series",""
"ADDED","DCA-0132","DC Universe: Rebirth","","","DC","Series",""
"REPAIRED","EVT-00080","DC Universe: Rebirth","Rebirth Era","DC Universe: Rebirth","DC","Event",""
"REPAIRED","SER-01505","DC Universe: Rebirth","DC Universe","DC Universe: Rebirth","DC","Series",""
"ADDED","DCA-0133","DC vs. Vampires","","","DC","Series",""
"REPAIRED","SER-01066","DC vs. Vampires","DC Universe","DC vs. Vampires","DC","Series",""
"REPAIRED","SER-01067","DC vs. Vampires: All-Out War","DC Universe","DC vs. Vampires","DC","Series",""
"REPAIRED","SER-01694","DC vs. Vampires: Coffin Edition","DC Universe","DC vs. Vampires","DC","Series",""
"REPAIRED","SER-01693","DC vs. Vampires: Hunters","DC Universe","DC vs. Vampires","DC","Series",""
"REPAIRED","SER-01692","DC vs. Vampires: Killers","DC Universe","DC vs. Vampires","DC","Series",""
"REPAIRED","SER-01842","DC vs. Vampires: World War V","DC Universe","DC vs. Vampires","DC","Series",""
"ADDED","DCA-0134","DC x Sonic the Hedgehog","","","DC","Series",""
"REPAIRED","SER-01866","DC x Sonic the Hedgehog","DC Universe","DC x Sonic the Hedgehog","DC","Series",""
"REPAIRED","SER-01867","DC x Sonic the Hedgehog: The Metal Legion","DC Universe","DC x Sonic the Hedgehog","DC","Series",""
"ADDED","DCA-0135","DC: The New Frontier","","","DC","Series","Elseworlds"
"REPAIRED","SER-00250","DC: The New Frontier","Elseworlds / Alternate Universe","DC: The New Frontier","DC","Series","Elseworlds"
"REPAIRED","EVT-00175","DC's Year of the Villain Special","DC Universe","Year of the Villain","DC","Event",""
"REPAIRED","SER-01062","DCeased: Dead Planet","DC Universe","DCeased","DC","Series",""
"REPAIRED","SER-01061","DCeased: Unkillables","DC Universe","DCeased","DC","Series",""
"REPAIRED","SER-01063","DCeased: War of the Undead Gods","DC Universe","DCeased","DC","Series",""
"ADDED","DCA-0007","Deadenders","","","DC","Series","Vertigo"
"ADDED","DCS-0009","Deadenders","","Deadenders","DC","Series","Vertigo"
"REPAIRED","SER-01528","Deadman: Dark Mansion of Forbidden Love","DC Universe","Deadman","DC","Series",""
"ADDED","DCA-0092","The Death of Superman","","","DC","Event",""
"REPAIRED","EVT-00088","The Death of Superman","Superman Family","The Death of Superman","DC","Event",""
"ADDED","DCS-0111","Death: The High Cost of Living","","Sandman","DC","Series","Sandman Universe"
"ADDED","DCS-0112","Death: The Time of Your Life","","Sandman","DC","Series","Sandman Universe"
"ADDED","DCA-0048","Deathblow","","","WildStorm","Series","WildStorm"
"ADDED","DCS-0064","Deathblow","","Deathblow","WildStorm","Series","WildStorm"
"ADDED","DCA-0136","Deathstroke/Yogi Bear Special","","","DC","Series",""
"REPAIRED","SER-01549","Deathstroke/Yogi Bear Special","DC Universe","Deathstroke/Yogi Bear Special","DC","Series",""
"ADDED","DCA-0067","Deathwish","","","Milestone","Series","Milestone"
"ADDED","DCS-0090","Deathwish","","Deathwish","Milestone","Series","Milestone"
"REPAIRED","SER-00014","Detective Comics","Air Wave","Batman","DC","Series",""
"REPAIRED","SER-00091","Detective Comics","Batwoman","Batman","DC","Series",""
"REPAIRED","SER-00467","Detective Comics","Martian Manhunter","Batman","DC","Series",""
"REPAIRED","SER-01378","Dial H","DC Universe","Dial H for Hero","DC","Series",""
"ADDED","DCA-0071","Dial H for Hero","","","DC","Series","Wonder Comics"
"REPAIRED","SER-01600","Dial H for Hero","DC Universe","Dial H for Hero","DC","Series","Wonder Comics"
"ADDED","DCA-0049","Divine Right","","","WildStorm","Series","WildStorm"
"ADDED","DCS-0065","Divine Right","","Divine Right","WildStorm","Series","WildStorm"
"ADDED","DCA-0137","Dog Days of Summer","","","DC","Series",""
"REPAIRED","SER-01553","Dog Days of Summer","DC Universe","Dog Days of Summer","DC","Series",""
"ADDED","DCA-0043","The Dollhouse Family","","","DC","Series","Hill House Comics"
"ADDED","DCS-0054","Doom Patrol/JLA Special","","Milk Wars","DC","Series","Young Animal"
"ADDED","DCA-0093","Doomsday Clock","","","DC","Event",""
"REPAIRED","EVT-00077","Doomsday Clock","Justice League / Universe-Wide","Doomsday Clock","DC","Event",""
"REPAIRED","SER-00953","Doomsday Clock","Watchmen Universe","Doomsday Clock","DC","Series",""
"ADDED","DCA-0068","Duo","","","Milestone","Series","Milestone"
"REPAIRED","SER-01705","Duo","DC Universe","Duo","DC","Series","Milestone"
"ADDED","DCS-0091","Duo","","Duo","Milestone","Series","Milestone"
"ADDED","DCA-0094","Eclipso: The Darkness Within","","","DC","Event",""
"REPAIRED","EVT-00112","Eclipso: The Darkness Within","DC Universe","Eclipso: The Darkness Within","DC","Event",""
"ADDED","DCA-0138","Electric Warriors","","","DC","Series",""
"REPAIRED","SER-01531","Electric Warriors","DC Universe","Electric Warriors","DC","Series",""
"ADDED","DCA-0139","End of Life","","","DC","Series","Vertigo"
"REPAIRED","SER-01865","End of Life","Vertigo / Black Label","End of Life","DC","Series","Vertigo"
"ADDED","DCA-0009","Enigma","","","DC","Series","Vertigo"
"ADDED","DCS-0011","Enigma","","Enigma","DC","Series","Vertigo"
"ADDED","DCA-0035","Eternity Girl","","","DC","Series","Young Animal"
"REPAIRED","SER-01598","Eternity Girl","DC Universe","Eternity Girl","DC","Series","Young Animal"
"ADDED","DCA-0050","Ex Machina","","","WildStorm","Series","WildStorm"
"ADDED","DCS-0066","Ex Machina","","Ex Machina","WildStorm","Series","WildStorm"
"ADDED","DCA-0077","Exit Stage Left: The Snagglepuss Chronicles","","","DC","Series","Hanna-Barbera Beyond"
"REPAIRED","SER-01496","Exit Stage Left: The Snagglepuss Chronicles","DC Universe","Exit Stage Left: The Snagglepuss Chronicles","DC","Series","Hanna-Barbera Beyond"
"ADDED","DCA-0008","The Exterminators","","","DC","Series","Vertigo"
"ADDED","DCS-0010","The Exterminators","","The Exterminators","DC","Series","Vertigo"
"ADDED","DCS-0110","Fables: The Wolf Among Us","","Fables","DC","Series","Vertigo"
"ADDED","DCS-0108","Fairest","","Fables","DC","Series","Vertigo"
"ADDED","DCA-0031","Federal Bureau of Physics","","","DC","Series","Vertigo"
"ADDED","DCS-0038","Federal Bureau of Physics","","Federal Bureau of Physics","DC","Series","Vertigo"
"ADDED","DCA-0010","The Filth","","","DC","Series","Vertigo"
"ADDED","DCS-0012","The Filth","","The Filth","DC","Series","Vertigo"
"REPAIRED","EVT-00065","Final Crisis","Crisis Saga","Final Crisis","DC","Event",""
"ADDED","DCA-0095","The Final Night","","","DC","Event",""
"REPAIRED","EVT-00115","The Final Night","DC Universe","The Final Night","DC","Event",""
"ADDED","DCA-0140","Flash","","","DC","Series",""
"ADDED","DCA-0203","Flash Comics","","","DC","Series",""
"REPAIRED","SER-00104","Flash Comics","Black Canary","Flash Comics","DC","Series",""
"REPAIRED","SER-00340","Flash Comics","Hawkman","Flash Comics","DC","Series",""
"REPAIRED","SER-00803","Flash Comics","The Flash","Flash Comics","DC","Series",""
"REPAIRED","SER-00867","Flash Comics","The Whip","Flash Comics","DC","Series",""
"REPAIRED","SER-00247","The Flash","Elongated Man","The Flash","DC","Series",""
"REPAIRED","SER-00377","The Flash","Impulse / Kid Flash (Bart Allen)","The Flash","DC","Series",""
"REPAIRED","SER-01547","Flash/Speed Buggy Special","DC Universe","Flash","DC","Series",""
"REPAIRED","EVT-00081","Flashpoint","Rebirth Era","Flashpoint","DC","Event",""
"REPAIRED","SER-01064","Flashpoint Beyond","DC Universe","Flashpoint","DC","Series",""
"ADDED","DCS-0118","Flex Mentallo","","Doom Patrol","DC","Series","Vertigo"
"ADDED","DCA-0072","The Flintstones","","","DC","Series","Hanna-Barbera Beyond"
"REPAIRED","CHR-00416","The Fly","","","Archie","Character","Impact"
"REPAIRED","SER-00373","The Fly","Impact Comics Imprint (Archie superheroes revival)","The Fly","DC","Series","Impact"
"ADDED","DCA-0114","Forager","","","DC","Series","Young Animal"
"REPAIRED","EVT-00078","Forever Evil","Justice League / Universe-Wide","Forever Evil","DC","Event",""
"ADDED","DCA-0142","Frankenstein, Agent of S.H.A.D.E.","","","DC","Series",""
"REPAIRED","SER-01379","Frankenstein, Agent of S.H.A.D.E.","DC Universe","Frankenstein, Agent of S.H.A.D.E.","DC","Series",""
"ADDED","DCA-0073","Future Quest","","","DC","Series","Hanna-Barbera Beyond"
"REPAIRED","SER-01490","Future Quest","DC Universe","Future Quest","DC","Series","Hanna-Barbera Beyond"
"REPAIRED","SER-01491","Future Quest Presents","DC Universe","Future Quest","DC","Series",""
"REPAIRED","SER-01065","Future State","DC Universe","Future State","DC","Series",""
"ADDED","DCA-0211","Future's End","","","DC","Series",""
"ADDED","DCA-0210","Generations","","","DC","Series",""
"REPAIRED","SER-01584","Generations Forged","DC Universe","Generations","DC","Series",""
"REPAIRED","SER-01583","Generations Shattered","DC Universe","Generations","DC","Series",""
"ADDED","DCA-0096","Genesis","","","DC","Event",""
"REPAIRED","EVT-00116","Genesis","DC Universe","Genesis","DC","Event",""
"REPAIRED","ANT-00001","Ghosts","DC Mystery Anthologies","Ghosts","DC","Anthology",""
"REPAIRED","SER-01552","Ghosts","DC Universe","Ghosts","DC","Series",""
"ADDED","DCA-0051","Global Frequency","","","WildStorm","Series","WildStorm"
"ADDED","DCS-0067","Global Frequency","","Global Frequency","WildStorm","Series","WildStorm"
"REPAIRED","SER-01836","Gotham Academy: First Year","DC Universe","Batman","DC","Series",""
"REPAIRED","SER-00251","Gotham by Gaslight","Elseworlds / Alternate Universe","Batman","DC","Series","Elseworlds"
"ADDED","DCA-0147","Gotham City Garage","","","DC","Series",""
"REPAIRED","SER-01530","Gotham City Garage","DC Universe","Gotham City Garage","DC","Series",""
"ADDED","DCA-0011","Greek Street","","","DC","Series","Vertigo"
"ADDED","DCS-0013","Greek Street","","Greek Street","DC","Series","Vertigo"
"REPAIRED","SER-01548","Green Lantern/Huckleberry Hound Special","DC Universe","Green Lantern","DC","Series",""
"REPAIRED","CHR-00170","Grifter","","","DC","Character","WildStorm"
"REPAIRED","EVT-00008","Hardware","","","Milestone","Event","Milestone"
"REPAIRED","SER-01703","Hardware: Season One","DC Universe","Hardware","DC","Series","Milestone"
"REPAIRED","SER-01856","Harley and Ivy: Life and Crimes","DC Universe","Harley Quinn","DC","Series",""
"REPAIRED","SER-01611","Harley Quinn: Black + White + Red","DC Universe","Harley Quinn","DC","Series",""
"ADDED","DCA-0148","Hawk & Dove","","","DC","Series",""
"REPAIRED","SER-01365","Hawk & Dove","DC Universe","Hawk & Dove","DC","Series",""
"ADDED","DCA-0097","Heroes in Crisis","","","DC","Event",""
"REPAIRED","SER-01511","Heroes in Crisis","DC Universe","Heroes in Crisis","DC","Series",""
"REPAIRED","CHR-DCX-0096","Hinterkind","","","DC","Character","Vertigo"
"ADDED","DCS-0039","Hinterkind","","Hinterkind","DC","Series","Vertigo"
"REPAIRED","SER-DCX-0198","House of Mystery","","","DC","Anthology","Vertigo"
"REPAIRED","ANT-00002","House of Mystery","DC Mystery Anthologies","House of Mystery","DC","Anthology",""
"REPAIRED","ANT-00003","House of Secrets","DC Mystery Anthologies","House of Secrets","DC","Anthology",""
"REPAIRED","SER-00768","House of Secrets","Swamp Thing","House of Secrets","DC","Series",""
"ADDED","DCA-0149","Human Bomb","","","DC","Series",""
"REPAIRED","SER-01441","Human Bomb","DC Universe","Human Bomb","DC","Series",""
"ADDED","DCA-0083","Human Target","","","DC","Character","Black Label"
"ADDED","DCA-0150","I, Vampire","","","DC","Series",""
"REPAIRED","SER-01380","I, Vampire","DC Universe","I, Vampire","DC","Series",""
"REPAIRED","SER-00369","Icon","Icon and Rocket","Icon","DC","Series",""
"ADDED","DCA-0069","Icon vs. Hardware","","","Milestone","Series","Milestone"
"REPAIRED","SER-01707","Icon vs. Hardware","DC Universe","Icon vs. Hardware","DC","Series","Milestone"
"ADDED","DCS-0092","Icon vs. Hardware","","Icon vs. Hardware","Milestone","Series","Milestone"
"ADDED","DCA-0098","Identity Crisis","","","DC","Event",""
"REPAIRED","EVT-00079","Identity Crisis","Justice League / Universe-Wide","Identity Crisis","DC","Event",""
"ADDED","DCA-0151","Immortal Legend Batman","","","DC","Series",""
"REPAIRED","SER-01851","Immortal Legend Batman","DC Universe","Immortal Legend Batman","DC","Series",""
"ADDED","DCA-0099","Infinite Crisis","","","DC","Event",""
"REPAIRED","EVT-00066","Infinite Crisis","Crisis Saga","Infinite Crisis","DC","Event",""
"REPAIRED","EVT-00126","Infinite Crisis Aftermath: The Battle for Blüdhaven","Crisis Saga","Infinite Crisis","DC","Event",""
"ADDED","DCA-0153","Infinite Frontier","","","DC","Series",""
"REPAIRED","SER-01648","Infinite Frontier","DC Universe","Infinite Frontier","DC","Series",""
"ADDED","DCA-0154","Injustice","","","DC","Series",""
"REPAIRED","SER-01069","Injustice 2","DC Universe","Injustice","DC","Series",""
"REPAIRED","SER-01541","Injustice vs. Masters of the Universe","DC Universe","Injustice","DC","Series",""
"REPAIRED","SER-01068","Injustice: Gods Among Us","DC Universe","Injustice","DC","Series",""
"REPAIRED","SER-01457","Injustice: Gods Among Us – Year Five","DC Universe","Injustice","DC","Series",""
"REPAIRED","SER-01456","Injustice: Gods Among Us – Year Four","DC Universe","Injustice","DC","Series",""
"REPAIRED","SER-01455","Injustice: Gods Among Us – Year Three","DC Universe","Injustice","DC","Series",""
"REPAIRED","SER-01454","Injustice: Gods Among Us – Year Two","DC Universe","Injustice","DC","Series",""
"REPAIRED","SER-01458","Injustice: Ground Zero","DC Universe","Injustice","DC","Series",""
"REPAIRED","CHR-00204","iZombie","","","DC","Character","Vertigo"
"ADDED","DCS-0109","Jack of Fables","","Fables","DC","Series","Vertigo"
"ADDED","DCA-0081","The Jaguar","","","DC","Series","Impact"
"REPAIRED","SER-00374","The Jaguar","Impact Comics Imprint (Archie superheroes revival)","The Jaguar","DC","Series","Impact"
"REPAIRED","SER-01794","Jay Garrick: The Flash","DC Universe","Flash","DC","Series",""
"ADDED","DCA-0079","The Jetsons","","","DC","Series","Hanna-Barbera Beyond"
"REPAIRED","SER-00252","JLA: Earth 2","Elseworlds / Alternate Universe","Justice League","DC","Series","Elseworlds"
"ADDED","DCS-0050","JLA/Doom Patrol Special","","Milk Wars","DC","Series","Young Animal"
"ADDED","DCA-0156","Joe Kubert Presents","","","DC","Series",""
"REPAIRED","SER-01442","Joe Kubert Presents","DC Universe","Joe Kubert Presents","DC","Series",""
"REPAIRED","CHR-00208","John Constantine","","","DC","Character","Sandman Universe"
"REPAIRED","SER-01805","John Constantine, Hellblazer: Dead in America","DC Universe","John Constantine","DC","Series","Sandman Universe"
"ADDED","DCA-0082","Joker","","","DC","Character",""
"REPAIRED","SER-01560","Joker: Killer Smile","Batman","Joker","DC","Series",""
"ADDED","DCA-0100","Joker: Last Laugh","","","DC","Event",""
"REPAIRED","EVT-00120","Joker: Last Laugh","DC Universe","Joker: Last Laugh","DC","Event",""
"ADDED","DCS-0137","Joker/Harley: Criminal Sanity","","Harley Quinn","DC","Series","Black Label"
"ADDED","DCA-0185","The Judas Coin","","","DC","Series",""
"REPAIRED","SER-01649","Justice League Incarnate","DC Universe","Justice League","DC","Series",""
"REPAIRED","SER-01801","Justice League vs. Godzilla vs. Kong","DC Universe","Justice League","DC","Series",""
"REPAIRED","SER-01802","Justice League vs. Godzilla vs. Kong 2","DC Universe","Justice League","DC","Series",""
"ADDED","DCA-0012","Kill Your Boyfriend","","","DC","Series","Vertigo"
"ADDED","DCS-0015","Kill Your Boyfriend","","Kill Your Boyfriend","DC","Series","Vertigo"
"ADDED","DCA-0157","Kingdom Come","","","DC","Series","Elseworlds"
"REPAIRED","SER-00253","Kingdom Come","Elseworlds / Alternate Universe","Kingdom Come","DC","Series","Elseworlds"
"ADDED","DCA-0022","The Kitchen","","","DC","Series","Vertigo"
"ADDED","DCS-0029","The Kitchen","","The Kitchen","DC","Series","Vertigo"
"REPAIRED","SER-01803","Kneel Before Zod","DC Universe","Zod","DC","Series",""
"ADDED","DCA-0101","Knight Terrors","","","DC","Event",""
"REPAIRED","SER-01754","Knight Terrors","DC Universe","Knight Terrors","DC","Series",""
"REPAIRED","SER-01757","Knight Terrors: Action Comics","DC Universe","Knight Terrors","DC","Series",""
"REPAIRED","SER-01758","Knight Terrors: Angel Breaker","DC Universe","Knight Terrors","DC","Series",""
"REPAIRED","SER-01759","Knight Terrors: Batman","DC Universe","Knight Terrors","DC","Series",""
"REPAIRED","SER-01760","Knight Terrors: Black Adam","DC Universe","Knight Terrors","DC","Series",""
"REPAIRED","SER-01761","Knight Terrors: Catwoman","DC Universe","Knight Terrors","DC","Series",""
"REPAIRED","SER-01762","Knight Terrors: Detective Comics","DC Universe","Knight Terrors","DC","Series",""
"REPAIRED","SER-01755","Knight Terrors: First Blood","DC Universe","Knight Terrors","DC","Series",""
"REPAIRED","SER-01763","Knight Terrors: Green Lantern","DC Universe","Knight Terrors","DC","Series",""
"REPAIRED","SER-01764","Knight Terrors: Harley Quinn","DC Universe","Knight Terrors","DC","Series",""
"REPAIRED","SER-01756","Knight Terrors: Night's End","DC Universe","Knight Terrors","DC","Series",""
"REPAIRED","SER-01765","Knight Terrors: Nightwing","DC Universe","Knight Terrors","DC","Series",""
"REPAIRED","SER-01766","Knight Terrors: Poison Ivy","DC Universe","Knight Terrors","DC","Series",""
"REPAIRED","SER-01767","Knight Terrors: Punchline","DC Universe","Knight Terrors","DC","Series",""
"REPAIRED","SER-01768","Knight Terrors: Ravager","DC Universe","Knight Terrors","DC","Series",""
"REPAIRED","SER-01769","Knight Terrors: Robin","DC Universe","Knight Terrors","DC","Series",""
"REPAIRED","SER-01770","Knight Terrors: Shazam!","DC Universe","Knight Terrors","DC","Series",""
"REPAIRED","SER-01771","Knight Terrors: Superman","DC Universe","Knight Terrors","DC","Series",""
"REPAIRED","SER-01772","Knight Terrors: The Flash","DC Universe","Knight Terrors","DC","Series",""
"REPAIRED","SER-01773","Knight Terrors: The Joker","DC Universe","Knight Terrors","DC","Series",""
"REPAIRED","SER-01774","Knight Terrors: Titans","DC Universe","Knight Terrors","DC","Series",""
"REPAIRED","SER-01775","Knight Terrors: Wonder Woman","DC Universe","Knight Terrors","DC","Series",""
"REPAIRED","SER-01776","Knight Terrors: Zatanna","DC Universe","Knight Terrors","DC","Series",""
"ADDED","DCA-0066","Kobalt","","","Milestone","Series","Milestone"
"ADDED","DCS-0089","Kobalt","","Kobalt","Milestone","Series","Milestone"
"ADDED","DCA-0186","The Last God","","","DC","Series",""
"ADDED","DCA-0102","Lazarus Planet","","","DC","Event",""
"REPAIRED","EVT-00177","Lazarus Planet","DC Universe","Lazarus Planet","DC","Event",""
"REPAIRED","SER-01724","Lazarus Planet: Alpha","DC Universe","Lazarus Planet","DC","Series",""
"REPAIRED","SER-01726","Lazarus Planet: Assault on Krypton","DC Universe","Lazarus Planet","DC","Series",""
"REPAIRED","SER-01727","Lazarus Planet: Dark Fate","DC Universe","Lazarus Planet","DC","Series",""
"REPAIRED","SER-01728","Lazarus Planet: Legends Reborn","DC Universe","Lazarus Planet","DC","Series",""
"REPAIRED","SER-01729","Lazarus Planet: Next Evolution","DC Universe","Lazarus Planet","DC","Series",""
"REPAIRED","SER-01725","Lazarus Planet: Omega","DC Universe","Lazarus Planet","DC","Series",""
"REPAIRED","SER-01730","Lazarus Planet: We Once Were Gods","DC Universe","Lazarus Planet","DC","Series",""
"ADDED","DCA-0061","The League of Extraordinary Gentlemen","","","DC","Series","America's Best Comics"
"REPAIRED","SER-00031","The League of Extraordinary Gentlemen","America's Best Comics (Alan Moore line)","The League of Extraordinary Gentlemen","DC","Series","America's Best Comics"
"ADDED","DCA-0158","Legends of Tomorrow","","","DC","Series",""
"REPAIRED","SER-01427","Legends of Tomorrow","DC Universe","Legends of Tomorrow","DC","Series",""
"REPAIRED","SER-01564","Lois Lane","Superman","Lois Lane","DC","Series",""
"ADDED","DCA-0013","Loveless","","","DC","Series","Vertigo"
"ADDED","DCS-0016","Loveless","","Loveless","DC","Series","Vertigo"
"ADDED","DCA-0044","The Low, Low Woods","","","DC","Series","Hill House Comics"
"REPAIRED","SER-DCX-0202","Madame Xanadu","","","DC","Series","Vertigo"
"ADDED","DCS-0017","Madame Xanadu","","Madame Xanadu","DC","Series","Vertigo"
"ADDED","DCA-0052","Majestic","","","WildStorm","Series","WildStorm"
"ADDED","DCS-0068","Majestic","","Majestic","WildStorm","Series","WildStorm"
"ADDED","DCA-0159","Men of War","","","DC","Series",""
"REPAIRED","SER-01371","Men of War","DC Universe","Men of War","DC","Series",""
"ADDED","DCA-0038","Milk Wars","","","DC","Series","Young Animal"
"REPAIRED","SER-01599","Milk Wars","DC Universe","Milk Wars","DC","Series","Young Animal"
"REPAIRED","SER-00505","Mister Miracle","Mister Miracle / New Gods","Mister Miracle","DC","Series",""
"REPAIRED","SER-00506","Mister Miracle","Mister Miracle / New Gods","Mister Miracle","DC","Series",""
"ADDED","DCA-0160","Mister Miracle: The Source of Freedom","","","DC","Series",""
"REPAIRED","SER-01699","Mister Miracle: The Source of Freedom","DC Universe","Mister Miracle: The Source of Freedom","DC","Series",""
"ADDED","DCA-0204","More Fun Comics","","","DC","Series",""
"REPAIRED","SER-00219","More Fun Comics","Doctor Fate","More Fun Comics","DC","Series",""
"REPAIRED","SER-00313","More Fun Comics","Green Arrow","More Fun Comics","DC","Series",""
"REPAIRED","SER-00402","More Fun Comics","Johnny Quick","More Fun Comics","DC","Series",""
"REPAIRED","SER-00851","More Fun Comics","The Spectre","More Fun Comics","DC","Series",""
"ADDED","DCA-0036","Mother Panic","","","DC","Series","Young Animal"
"REPAIRED","SER-01592","Mother Panic","DC Universe","Mother Panic","DC","Series","Young Animal"
"REPAIRED","SER-01593","Mother Panic: Gotham A.D.","DC Universe","Mother Panic","DC","Series","Young Animal"
"ADDED","DCS-0051","Mother Panic/Batman Special","","Milk Wars","DC","Series","Young Animal"
"ADDED","DCA-0162","Mr. Terrific: Year One","","","DC","Series",""
"REPAIRED","SER-01850","Mr. Terrific: Year One","DC Universe","Mr. Terrific: Year One","DC","Series",""
"ADDED","DCA-0163","Mysteries of Love in Space","","","DC","Series",""
"REPAIRED","SER-01554","Mysteries of Love in Space","DC Universe","Mysteries of Love in Space","DC","Series",""
"ADDED","DCA-0164","Mystik U","","","DC","Series",""
"REPAIRED","SER-01529","Mystik U","DC Universe","Mystik U","DC","Series",""
"ADDED","DCA-0024","The Names","","","DC","Series","Vertigo"
"ADDED","DCS-0031","The Names","","The Names","DC","Series","Vertigo"
"ADDED","DCA-0070","Naomi","","","DC","Series","Wonder Comics"
"REPAIRED","SER-01601","Naomi","DC Universe","Naomi","DC","Series","Wonder Comics"
"REPAIRED","SER-01603","Naomi: Season Two","DC Universe","Naomi","DC","Series","Wonder Comics"
"ADDED","DCA-0166","National Comics: Eternity","","","DC","Series",""
"REPAIRED","SER-01437","National Comics: Eternity","DC Universe","National Comics: Eternity","DC","Series",""
"ADDED","DCA-0167","National Comics: Looker","","","DC","Series",""
"REPAIRED","SER-01438","National Comics: Looker","DC Universe","National Comics: Looker","DC","Series",""
"ADDED","DCA-0168","National Comics: Madame X","","","DC","Series",""
"REPAIRED","SER-01439","National Comics: Madame X","DC Universe","National Comics: Madame X","DC","Series",""
"ADDED","DCA-0169","National Comics: Rose & Thorn","","","DC","Series",""
"REPAIRED","SER-01440","National Comics: Rose & Thorn","DC Universe","National Comics: Rose & Thorn","DC","Series",""
"ADDED","DCA-0032","The New Deadwardians","","","DC","Series","Vertigo"
"ADDED","DCS-0040","The New Deadwardians","","The New Deadwardians","DC","Series","Vertigo"
"ADDED","DCA-0188","The New History of the DC Universe","","","DC","Series",""
"REPAIRED","CHR-00284","Northlanders","","","DC","Character","Vertigo"
"ADDED","DCA-0170","Nuclear Winter Special","","","DC","Series",""
"REPAIRED","SER-01555","Nuclear Winter Special","DC Universe","Nuclear Winter Special","DC","Series",""
"ADDED","DCA-0059","Number of the Beast","","","WildStorm","Series","WildStorm"
"ADDED","DCS-0078","Number of the Beast","","Number of the Beast","WildStorm","Series","WildStorm"
"REPAIRED","EVT-00125","The OMAC Project","Crisis Saga","Infinite Crisis","DC","Event",""
"ADDED","DCA-0172","One-Star Squadron","","","DC","Series",""
"REPAIRED","SER-01700","One-Star Squadron","DC Universe","One-Star Squadron","DC","Series",""
"ADDED","DCA-0190","The Other History of the DC Universe","","","DC","Series",""
"ADDED","DCA-0025","The Other Side","","","DC","Series","Vertigo"
"ADDED","DCS-0032","The Other Side","","The Other Side","DC","Series","Vertigo"
"ADDED","DCA-0014","Outlaw Nation","","","DC","Series","Vertigo"
"ADDED","DCS-0018","Outlaw Nation","","Outlaw Nation","DC","Series","Vertigo"
"REPAIRED","SER-00828","Peacemaker","The Peacemaker","Peacemaker","DC","Series",""
"REPAIRED","SER-00829","Peacemaker","The Peacemaker","Peacemaker","DC","Series",""
"ADDED","DCA-0173","Plastic Man No More!","","","DC","Series",""
"REPAIRED","SER-01806","Plastic Man No More!","DC Universe","Plastic Man No More!","DC","Series",""
"ADDED","DCA-0042","Plunge","","","DC","Series","Hill House Comics"
"REPAIRED","SER-01621","Plunge","DC Universe","Plunge","DC","Series","Hill House Comics"
"ADDED","DCS-0069","Point Blank","","Sleeper","WildStorm","Series","WildStorm"
"ADDED","DCA-0205","Police Comics","","","DC","Series",""
"REPAIRED","SER-00561","Police Comics","Phantom Lady","Police Comics","DC","Series",""
"REPAIRED","SER-00566","Police Comics","Plastic Man","Police Comics","DC","Series",""
"REPAIRED","SER-00811","Police Comics","The Human Bomb","Police Comics","DC","Series",""
"ADDED","DCA-0060","Promethea","","","DC","Series","America's Best Comics"
"REPAIRED","SER-00030","Promethea","America's Best Comics (Alan Moore line)","Promethea","DC","Series","America's Best Comics"
"ADDED","DCA-0015","Punk Rock Jesus","","","DC","Series","Vertigo"
"ADDED","DCS-0019","Punk Rock Jesus","","Punk Rock Jesus","DC","Series","Vertigo"
"REPAIRED","EVT-00123","Rann-Thanagar War","Crisis Saga","Infinite Crisis","DC","Event",""
"REPAIRED","SER-01855","Red Hood","DC Universe","Red Hood","DC","Series",""
"ADDED","DCA-0040","Refrigerator Full of Heads","","","DC","Series","Hill House Comics"
"REPAIRED","SER-01622","Refrigerator Full of Heads","DC Universe","Refrigerator Full of Heads","DC","Series",""
"REPAIRED","EVT-00087","Reign of the Supermen","Superman Family","Superman","DC","Event",""
"ADDED","DCA-0175","Represent!","","","DC","Series",""
"REPAIRED","SER-01612","Represent!","DC Universe","Represent!","DC","Series",""
"REPAIRED","SER-01381","Resurrection Man","DC Universe","Resurrection Man","DC","Series",""
"REPAIRED","SER-01849","Resurrection Man: Quantum Karma","DC Universe","Resurrection Man","DC","Series",""
"ADDED","DCA-0084","Rogues","","","DC","Character","Black Label"
"REPAIRED","SER-01697","Rogues","DC Universe","Rogues","DC","Series","Black Label"
"ADDED","DCA-0026","The Royals: Masters of War","","","DC","Series","Vertigo"
"ADDED","DCS-0033","The Royals: Masters of War","","The Royals: Masters of War","DC","Series","Vertigo"
"ADDED","DCA-0078","The Ruff and Reddy Show","","","DC","Series","Hanna-Barbera Beyond"
"REPAIRED","SER-01497","Ruff and Reddy Show","DC Universe","The Ruff and Reddy Show","DC","Series",""
"ADDED","DCS-0103","The Ruff and Reddy Show","","The Ruff and Reddy Show","DC","Series","Hanna-Barbera Beyond"
"REPAIRED","SER-01614","RWBY/Justice League","DC Universe","Justice League","DC","Series",""
"REPAIRED","SER-01615","RWBY/Justice League: DC/RWBY","DC Universe","Justice League","DC","Series",""
"REPAIRED","CHR-00342","Sandman","","","DC","Character","Sandman Universe"
"ADDED","DCS-0117","The Sandman: Overture","","Sandman","DC","Series","Sandman Universe"
"ADDED","DCA-0016","Saucer Country","","","DC","Series","Vertigo"
"ADDED","DCS-0020","Saucer Country","","Saucer Country","DC","Series","Vertigo"
"ADDED","DCS-0021","Saucer State","","Saucer Country","DC","Series","Vertigo"
"ADDED","DCA-0074","Scooby Apocalypse","","","DC","Series","Hanna-Barbera Beyond"
"REPAIRED","SER-01489","Scooby Apocalypse","DC Universe","Scooby Apocalypse","DC","Series","Hanna-Barbera Beyond"
"ADDED","DCA-0176","Secret Origins","","","DC","Series",""
"REPAIRED","SER-01354","Secret Origins","DC Universe","Secret Origins","DC","Series",""
"ADDED","DCA-0206","Sensation Comics","","","DC","Series",""
"REPAIRED","SER-00508","Sensation Comics","Mister Terrific (Golden Age)","Sensation Comics","DC","Series",""
"REPAIRED","SER-00965","Sensation Comics","Wildcat","Sensation Comics","DC","Series",""
"REPAIRED","SER-00976","Sensation Comics","Wonder Woman","Sensation Comics","DC","Series",""
"ADDED","DCA-0037","Shade, the Changing Girl","","","DC","Series","Young Animal"
"REPAIRED","SER-01594","Shade, the Changing Girl","DC Universe","Shade, the Changing Girl","DC","Series","Young Animal"
"ADDED","DCS-0052","Shade, the Changing Girl/Wonder Woman Special","","Milk Wars","DC","Series","Young Animal"
"REPAIRED","SER-01595","Shade, the Changing Woman","DC Universe","Shade, the Changing Girl","DC","Series","Young Animal"
"ADDED","DCA-0017","The Sheriff of Babylon","","","DC","Series","Vertigo"
"ADDED","DCS-0022","The Sheriff of Babylon","","The Sheriff of Babylon","DC","Series","Vertigo"
"REPAIRED","CHR-00439","The Shield","","","Archie","Character","Impact"
"REPAIRED","SER-00375","The Shield","Impact Comics Imprint (Archie superheroes revival)","The Shield","DC","Series","Impact"
"ADDED","DCA-0207","Showcase","","","DC","Series",""
"REPAIRED","SER-00008","Showcase","Adam Strange","Showcase","DC","Series",""
"REPAIRED","SER-00157","Showcase","Challengers of the Unknown","Showcase","DC","Series",""
"REPAIRED","SER-00482","Showcase","Metal Men","Showcase","DC","Series",""
"REPAIRED","SER-00789","Showcase","The Atom","Showcase","DC","Series",""
"ADDED","DCA-0178","Sideways","","","DC","Series",""
"REPAIRED","SER-01538","Sideways","DC Universe","Sideways","DC","Series",""
"ADDED","DCA-0191","The Silencer","","","DC","Series",""
"REPAIRED","SER-01044","Sinestro","Green Lantern","Sinestro","DC","Series",""
"ADDED","DCA-0103","Sins of Youth","","","DC","Event",""
"REPAIRED","EVT-00119","Sins of Youth","DC Universe","Sins of Youth","DC","Event",""
"ADDED","DCA-0053","Sleeper","","","WildStorm","Series","WildStorm"
"ADDED","DCS-0070","Sleeper","","Sleeper","WildStorm","Series","WildStorm"
"ADDED","DCS-0071","Sleeper: Season Two","","Sleeper","WildStorm","Series","WildStorm"
"ADDED","DCA-0179","Smallville Season 11","","","DC","Series",""
"REPAIRED","SER-01451","Smallville Season 11","DC Universe","Smallville Season 11","DC","Series",""
"ADDED","DCS-0084","Smax","","Top 10","DC","Series","America's Best Comics"
"ADDED","DCA-0045","Soul Plumber","","","DC","Series","DC Horror"
"REPAIRED","SER-01623","Soul Plumber","DC Universe","Soul Plumber","DC","Series",""
"ADDED","DCA-0018","Spaceman","","","DC","Series","Vertigo"
"ADDED","DCS-0023","Spaceman","","Spaceman","DC","Series","Vertigo"
"ADDED","DCA-0180","Speed Force","","","DC","Series",""
"REPAIRED","SER-01796","Speed Force","DC Universe","Speed Force","DC","Series",""
"ADDED","DCA-0181","Spirit World","","","DC","Series",""
"REPAIRED","SER-01752","Spirit World","DC Universe","Spirit World","DC","Series",""
"ADDED","DCA-0208","Star Spangled Comics","","","DC","Series",""
"REPAIRED","SER-00616","Star Spangled Comics","Robotman (Golden Age)","Star Spangled Comics","DC","Series",""
"REPAIRED","SER-00810","Star Spangled Comics","The Guardian & the Newsboy Legion","Star Spangled Comics","DC","Series",""
"REPAIRED","SER-00858","Star Spangled Comics","The Star-Spangled Kid & Stripesy","Star Spangled Comics","DC","Series",""
"REPAIRED","SER-00876","Star Spangled Comics","TNT and Dan the Dyna-Mite","Star Spangled Comics","DC","Series",""
"REPAIRED","SER-00041","Strange Adventures","Animal Man","Strange Adventures","DC","Series","Black Label"
"REPAIRED","CHR-00393","Superman","","","DC","Character","Elseworlds"
"REPAIRED","SER-01608","Superman Smashes the Klan","DC Universe","Superman","DC","Series",""
"REPAIRED","SER-01872","Superman: Man of Tomorrow","DC Universe","Superman","DC","Series",""
"REPAIRED","SER-01609","Superman: Red & Blue","DC Universe","Superman","DC","Series",""
"REPAIRED","SER-00254","Superman: Red Son","Elseworlds / Alternate Universe","Superman","DC","Series","Elseworlds"
"REPAIRED","SER-00766","Superman: Red Son","Superman Black Label Line","Superman","DC","Series","Elseworlds"
"REPAIRED","SER-00767","Superman: Space Age","Superman Black Label Line","Superman","DC","Series","Black Label"
"ADDED","DCS-0133","Superman: The Kryptonite Spectrum","","Superman","DC","Series","Black Label"
"ADDED","DCS-0132","Superman: The Last Days of Lex Luthor","","Superman","DC","Series","Black Label"
"ADDED","DCS-0130","Superman: Year One","","Superman","DC","Series","Black Label"
"REPAIRED","SER-01546","Superman/Top Cat Special","DC Universe","Superman","DC","Series",""
"REPAIRED","SER-00401","Swamp Thing","John Constantine","Swamp Thing","DC","Series",""
"ADDED","DCA-0182","Sword of Azrael","","","DC","Series",""
"REPAIRED","SER-01702","Sword of Azrael","DC Universe","Sword of Azrael","DC","Series",""
"REPAIRED","SER-01382","Sword of Sorcery","DC Universe","Sword of Sorcery","DC","Series",""
"REPAIRED","SER-01476","Telos","DC Universe","Telos","DC","Series",""
"ADDED","DCA-0065","Terra Obscura","","","DC","Series","America's Best Comics"
"ADDED","DCS-0088","Terra Obscura","","Terra Obscura","DC","Series","America's Best Comics"
"REPAIRED","SER-01711","The Batman & Scooby-Doo Mysteries","DC Universe","Batman","DC","Series",""
"REPAIRED","SER-01604","The Batman's Grave","DC Universe","Batman","DC","Series",""
"REPAIRED","SER-01804","The Boy Wonder","DC Universe","Batman","DC","Series",""
"REPAIRED","SER-01535","The Curse of Brimstone","DC Universe","The Curse of Brimstone","DC","Series",""
"REPAIRED","SER-01833","The Deadman","DC Universe","Deadman","DC","Series",""
"REPAIRED","SER-DCX-0217","The Demon","","Etrigan the Demon","DC","Series",""
"REPAIRED","SER-01618","The Dollhouse Family","DC Universe","The Dollhouse Family","DC","Series","Hill House Comics"
"REPAIRED","SER-01072","The Dreaming","Vertigo / Black Label","Sandman","DC","Series","Sandman Universe"
"REPAIRED","SER-01878","The Dreaming","Vertigo / Black Label","Sandman","DC","Series","Vertigo"
"REPAIRED","SER-01797","The Flash: One-Minute War Special","DC Universe","Flash","DC","Series",""
"REPAIRED","SER-01453","The Flash: Season Zero","DC Universe","Flash","DC","Series",""
"REPAIRED","SER-01492","The Flintstones","DC Universe","The Flintstones","DC","Series","Hanna-Barbera Beyond"
"REPAIRED","SER-01071","The Human Target","Vertigo / Black Label","Human Target","DC","Series","Black Label"
"REPAIRED","SER-01494","The Jetsons","DC Universe","The Jetsons","DC","Series",""
"REPAIRED","SER-01659","The Joker","Batman","The Joker","DC","Series",""
"REPAIRED","SER-01443","The Judas Coin","DC Universe","The Judas Coin","DC","Series",""
"REPAIRED","SER-01587","The Last God","DC Universe","The Last God","DC","Series",""
"REPAIRED","SER-01487","The Legend of Wonder Woman","DC Universe","Wonder Woman","DC","Series",""
"REPAIRED","SER-01620","The Low, Low Woods","DC Universe","The Low, Low Woods","DC","Series","Hill House Comics"
"REPAIRED","SER-01423","The New 52: Futures End","DC Universe","Future's End","DC","Series",""
"REPAIRED","SER-01848","The New History of the DC Universe","DC Universe","The New History of the DC Universe","DC","Series",""
"REPAIRED","SER-01070","The Nice House by the Sea","Vertigo / Black Label","The Nice House on the Lake","DC","Series","Vertigo"
"REPAIRED","SER-01586","The Other History of the DC Universe","DC Universe","The Other History of the DC Universe","DC","Series",""
"REPAIRED","SER-01073","The Sandman Universe","Vertigo / Black Label","Sandman","DC","Series","Sandman Universe"
"REPAIRED","SER-01791","The Sandman Universe: Nightmare Country","DC Universe","Sandman","DC","Series","Sandman Universe"
"REPAIRED","SER-01792","The Sandman Universe: Nightmare Country – The Glass House","DC Universe","Sandman","DC","Series","Sandman Universe"
"REPAIRED","SER-01539","The Silencer","DC Universe","The Silencer","DC","Series",""
"REPAIRED","SER-01701","The Vigil","DC Universe","The Vigil","DC","Series",""
"REPAIRED","SER-01532","The Wild Storm","DC Universe","The Wild Storm","DC","Series","WildStorm"
"REPAIRED","SER-01533","The Wild Storm: Michael Cray","DC Universe","The Wild Storm","DC","Series","WildStorm"
"ADDED","DCA-0193","Threshold","","","DC","Series",""
"REPAIRED","SER-01374","Threshold","DC Universe","Threshold","DC","Series",""
"ADDED","DCA-0062","Tom Strong","","","DC","Series","America's Best Comics"
"REPAIRED","SER-00032","Tom Strong","America's Best Comics (Alan Moore line)","Tom Strong","DC","Series","America's Best Comics"
"ADDED","DCS-0082","Tom Strong's Terrific Tales","","Tom Strong","DC","Series","America's Best Comics"
"ADDED","DCA-0064","Tomorrow Stories","","","DC","Series","America's Best Comics"
"REPAIRED","SER-00033","Tomorrow Stories","America's Best Comics (Alan Moore line)","Tomorrow Stories","DC","Series","America's Best Comics"
"ADDED","DCA-0063","Top 10","","","DC","Series","America's Best Comics"
"REPAIRED","SER-00034","Top 10","America's Best Comics (Alan Moore line)","Top 10","DC","Series","America's Best Comics"
"ADDED","DCS-0086","Top 10: Beyond the Farthest Precinct","","Top 10","DC","Series","America's Best Comics"
"ADDED","DCS-0085","Top 10: The Forty-Niners","","Top 10","DC","Series","America's Best Comics"
"ADDED","DCA-0054","Tranquility","","","WildStorm","Series","WildStorm"
"ADDED","DCA-0027","Trillium","","","DC","Series","Vertigo"
"ADDED","DCS-0034","Trillium","","Trillium","DC","Series","Vertigo"
"REPAIRED","SER-01504","Trinity","DC Universe","Trinity","DC","Series",""
"ADDED","DCA-0194","Trinity of Sin","","","DC","Series",""
"REPAIRED","SER-01383","Trinity of Sin","DC Universe","Trinity of Sin","DC","Series",""
"REPAIRED","SER-01385","Trinity of Sin: Pandora","DC Universe","Trinity of Sin","DC","Series",""
"REPAIRED","SER-01384","Trinity of Sin: The Phantom Stranger","DC Universe","Trinity of Sin","DC","Series",""
"ADDED","DCA-0195","Truth & Justice","","","DC","Series",""
"REPAIRED","SER-01613","Truth & Justice","DC Universe","Truth & Justice","DC","Series",""
"REPAIRED","SER-01818","Two-Face","Batman","Two-Face","DC","Series",""
"ADDED","DCA-0019","The Un-Men","","","DC","Series","Vertigo"
"ADDED","DCS-0024","The Un-Men","","The Un-Men","DC","Series","Vertigo"
"ADDED","DCA-0104","Underworld Unleashed","","","DC","Event",""
"REPAIRED","EVT-00114","Underworld Unleashed","DC Universe","Underworld Unleashed","DC","Event",""
"ADDED","DCA-0028","Unfollow","","","DC","Series","Vertigo"
"ADDED","DCS-0035","Unfollow","","Unfollow","DC","Series","Vertigo"
"REPAIRED","SER-DCX-0221","Unknown Soldier","","","DC","Series","Vertigo"
"ADDED","DCS-0026","Unknown Soldier","","Unknown Soldier","DC","Series","Vertigo"
"REPAIRED","CHR-00449","The Unwritten","","","DC","Character","Vertigo"
"ADDED","DCS-0025","The Unwritten: Apocalypse","","The Unwritten","DC","Series","Vertigo"
"ADDED","DCA-0192","The Vigil","","","DC","Series",""
"REPAIRED","EVT-00124","Villains United","Crisis Saga","Infinite Crisis","DC","Event",""
"ADDED","DCA-0197","Voodoo","","","DC","Series",""
"REPAIRED","SER-01375","Voodoo","DC Universe","Voodoo","DC","Series",""
"ADDED","DCA-0075","Wacky Raceland","","","DC","Series","Hanna-Barbera Beyond"
"REPAIRED","SER-01493","Wacky Raceland","DC Universe","Wacky Raceland","DC","Series","Hanna-Barbera Beyond"
"ADDED","DCA-0023","The Wake","","","DC","Series","Vertigo"
"ADDED","DCS-0030","The Wake","","The Wake","DC","Series","Vertigo"
"REPAIRED","SER-01790","Waller vs. Wildstorm","DC Universe","Suicide Squad","DC","Series",""
"ADDED","DCA-0105","War of the Gods","","","DC","Event",""
"REPAIRED","EVT-00111","War of the Gods","DC Universe","War of the Gods","DC","Event",""
"ADDED","DCA-0209","Watchmen","","","DC","Series",""
"REPAIRED","SER-00951","Watchmen","Watchmen (Charlton-derived cast)","Watchmen","DC","Series",""
"REPAIRED","SER-00954","Watchmen","Watchmen Universe","Watchmen","DC","Series",""
"ADDED","DCA-0020","We3","","","DC","Series","Vertigo"
"ADDED","DCS-0027","We3","","We3","DC","Series","Vertigo"
"ADDED","DCS-0072","Welcome to Tranquility","","Tranquility","WildStorm","Series","WildStorm"
"REPAIRED","SER-01793","Wesley Dodds: The Sandman","DC Universe","Sandman (Wesley Dodds, Golden Age)","DC","Series",""
"ADDED","DCA-0058","The Wild Storm","","","WildStorm","Series","WildStorm"
"ADDED","DCS-0076","The Wild Storm","","The Wild Storm","WildStorm","Series","WildStorm"
"ADDED","DCS-0077","The Wild Storm: Michael Cray","","The Wild Storm","WildStorm","Series","WildStorm"
"ADDED","DCA-0055","Wildcore","","","WildStorm","Series","WildStorm"
"ADDED","DCS-0073","Wildcore","","Wildcore","WildStorm","Series","WildStorm"
"ADDED","DCA-0056","Wildsiderz","","","WildStorm","Series","WildStorm"
"ADDED","DCS-0074","Wildsiderz","","Wildsiderz","WildStorm","Series","WildStorm"
"REPAIRED","SER-01670","Wonder Girl","Wonder Woman","Wonder Girl","DC","Series",""
"REPAIRED","SER-00366","Wonder Woman","Huntress","Wonder Woman","DC","Series",""
"REPAIRED","SER-01488","Wonder Woman '77","DC Universe","Wonder Woman","DC","Series",""
"ADDED","DCS-0135","Wonder Woman Historia: The Amazons","","Wonder Woman","DC","Series","Black Label"
"REPAIRED","SER-01610","Wonder Woman: Black & Gold","DC Universe","Wonder Woman","DC","Series",""
"REPAIRED","CHR-00502","Wonder Woman: Dead Earth","","Wonder Woman","DC","Series",""
"REPAIRED","SER-00980","Wonder Woman: Dead Earth","Wonder Woman: Dead Earth","Wonder Woman","DC","Series","Black Label"
"ADDED","DCA-0106","Year of the Villain","","","DC","Event",""
"REPAIRED","EVT-00176","Year of the Villain","DC Universe","Year of the Villain","DC","Event",""
"REPAIRED","SER-01573","Year of the Villain: Hell Arisen","DC Universe","Year of the Villain","DC","Series",""
"ADDED","DCA-0021","Young Liars","","","DC","Series","Vertigo"
"ADDED","DCS-0028","Young Liars","","Young Liars","DC","Series","Vertigo"
"ADDED","DCA-0057","Zealot","","","WildStorm","Series","WildStorm"
"ADDED","DCS-0075","Zealot","","Zealot","WildStorm","Series","WildStorm"
"ADDED","DCA-0107","Zero Hour: Crisis in Time","","","DC","Event",""
"REPAIRED","EVT-00067","Zero Hour: Crisis in Time","Crisis Saga","Zero Hour: Crisis in Time","DC","Event",""
