Era,Series Title,Parent Authority,Result,Authority ID,Resolved Authority ID,Publishing Era,Status
New 52,Aquaman and the Others,Aquaman,Added,SER-01346,SER-01346,The New 52,Assigned
New 52,Captain Atom,Captain Atom,Already present,,SER-00144,The New 52,Assigned
New 52,DC Universe Presents,DC Universe,Added,SER-01347,SER-01347,The New 52,Assigned
New 52,Earth 2,Justice Society of America,Already present,,SER-00422,The New 52,Assigned
New 52,The Fury of Firestorm: The Nuclear Men,Firestorm,Added,SER-01348,SER-01348,The New 52,Assigned
New 52,Justice League 3000,Justice League,Already present,,SER-01051,The New 52,Assigned
New 52,Justice League International,Justice League,Already present,,SER-00416,The New 52,Assigned
New 52,Justice League of America's Vibe,Justice League,Added,SER-01349,SER-01349,The New 52,Assigned
New 52,Justice League of America,Justice League,Already present,,SER-00417,The New 52,Assigned
New 52,Justice League United,Justice League,Added,SER-01350,SER-01350,The New 52,Assigned
New 52,Katana,Katana,Added,SER-01351,SER-01351,The New 52,Assigned
New 52,Mister Terrific,Mister Terrific,Added,SER-01352,SER-01352,The New 52,Assigned
New 52,The Savage Hawkman,Hawkman,Added,SER-01353,SER-01353,The New 52,Assigned
New 52,Secret Origins,DC Universe,Added,SER-01354,SER-01354,The New 52,Assigned
New 52,Worlds' Finest,Justice Society of America,Added,SER-01355,SER-01355,The New 52,Assigned
New 52,Arkham Manor,Batman,Added,SER-01356,SER-01356,The New 52,Assigned
New 52,Batman and Robin,Batman,Added,SER-01357,SER-01357,The New 52,Assigned
New 52,"Batman, Incorporated",Batman,Already present,,SER-01014,The New 52,Assigned
New 52,Batwing,Batman,Added,SER-01358,SER-01358,The New 52,Assigned
New 52,Gotham Academy,Batman,Added,SER-01359,SER-01359,The New 52,Assigned
New 52,Gotham by Midnight,Batman,Added,SER-01360,SER-01360,The New 52,Assigned
New 52,Grayson,Nightwing,Added,SER-01361,SER-01361,The New 52,Assigned
New 52,Harley Quinn,Harley Quinn,Added,SER-01362,SER-01362,The New 52,Assigned
New 52,Talon,Batman,Added,SER-01363,SER-01363,The New 52,Assigned
New 52,Superboy,Superboy,Added,SER-01364,SER-01364,The New 52,Assigned
New 52,Green Lantern Corps,Green Lantern,Already present,,SER-00316,The New 52,Assigned
New 52,Green Lantern: New Guardians,Green Lantern,Already present,,SER-01041,The New 52,Assigned
New 52,Larfleeze,Green Lantern,Already present,,SER-01045,The New 52,Assigned
New 52,Red Lanterns,Green Lantern,Already present,,SER-01043,The New 52,Assigned
New 52,Sinestro,Green Lantern,Already present,,SER-01044,The New 52,Assigned
New 52,Blue Beetle,Blue Beetle,Already present,,SER-00124,The New 52,Assigned
New 52,Hawk & Dove,DC Universe,Added,SER-01365,SER-01365,The New 52,Assigned
New 52,Legion Lost,Legion of Super-Heroes,Added,SER-01366,SER-01366,The New 52,Assigned
New 52,Static Shock,Static,Already present,,SER-00738,The New 52,Assigned
New 52,Teen Titans,Robin / Teen Titans,Already present,,SER-00607,The New 52,Assigned
New 52,The Ravagers,Robin / Teen Titans,Added,SER-01367,SER-01367,The New 52,Assigned
New 52,All-Star Western,Jonah Hex,Already present,,SER-00403,The New 52,Assigned
New 52,Blackhawks,Blackhawk,Added,SER-01368,SER-01368,The New 52,Assigned
New 52,Deathstroke,Deathstroke,Already present,,SER-00200,The New 52,Assigned
New 52,G.I. Combat,G.I. Combat,Already present,,SER-00286,The New 52,Assigned
New 52,Grifter,Grifter,Already present,,SER-00321,The New 52,Assigned
New 52,Infinity Man and the Forever People,Mister Miracle / New Gods,Added,SER-01369,SER-01369,The New 52,Assigned
New 52,Lobo,Lobo,Added,SER-01370,SER-01370,The New 52,Assigned
New 52,Men of War,DC Universe,Added,SER-01371,SER-01371,The New 52,Assigned
New 52,New Suicide Squad,Suicide Squad,Already present,,SER-00749,The New 52,Assigned
New 52,O.M.A.C.,OMAC,Already present,,SER-00552,The New 52,Assigned
New 52,Secret Six,Secret Six,Already present,,SER-00648,The New 52,Assigned
New 52,Star-Spangled War Stories Featuring G.I. Zombie,G.I. Combat,Added,SER-01372,SER-01372,The New 52,Assigned
New 52,Stormwatch,Stormwatch,Already present,,SER-00746,The New 52,Assigned
New 52,Suicide Squad,Suicide Squad,Already present,,SER-00750,The New 52,Assigned
New 52,Team 7,DC Universe,Added,SER-01373,SER-01373,The New 52,Assigned
New 52,Threshold,DC Universe,Added,SER-01374,SER-01374,The New 52,Assigned
New 52,Voodoo,DC Universe,Added,SER-01375,SER-01375,The New 52,Assigned
New 52,Animal Man,Animal Man,Already present,,SER-00040,The New 52,Assigned
New 52,Constantine,John Constantine,Added,SER-01376,SER-01376,The New 52,Assigned
New 52,Demon Knights,Etrigan the Demon,Added,SER-01377,SER-01377,The New 52,Assigned
New 52,Dial H,DC Universe,Added,SER-01378,SER-01378,The New 52,Assigned
New 52,"Frankenstein, Agent of S.H.A.D.E.",DC Universe,Added,SER-01379,SER-01379,The New 52,Assigned
New 52,"I, Vampire",DC Universe,Added,SER-01380,SER-01380,The New 52,Assigned
New 52,Justice League Dark,Justice League Dark,Already present,,SER-00418,The New 52,Assigned
New 52,Resurrection Man,DC Universe,Added,SER-01381,SER-01381,The New 52,Assigned
New 52,Swamp Thing,Swamp Thing,Already present,,SER-00770,The New 52,Assigned
New 52,Sword of Sorcery,DC Universe,Added,SER-01382,SER-01382,The New 52,Assigned
New 52,Trinity of Sin,DC Universe,Added,SER-01383,SER-01383,The New 52,Assigned
New 52,Trinity of Sin: The Phantom Stranger,DC Universe,Added,SER-01384,SER-01384,The New 52,Assigned
New 52,Trinity of Sin: Pandora,DC Universe,Added,SER-01385,SER-01385,The New 52,Assigned
New 52,The Movement,DC Universe,Added,SER-01386,SER-01386,The New 52,Assigned
New 52,The Green Team: Teen Trillionaires,DC Universe,Added,SER-01387,SER-01387,The New 52,Assigned
New 52,Forever Evil,Forever Evil,Added,SER-01388,SER-01388,The New 52,Assigned
New 52,Forever Evil: A.R.G.U.S.,Forever Evil,Added,SER-01389,SER-01389,The New 52,Assigned
New 52,Forever Evil: Arkham War,Forever Evil,Added,SER-01390,SER-01390,The New 52,Assigned
New 52,Forever Evil: Rogues Rebellion,Forever Evil,Added,SER-01391,SER-01391,The New 52,Assigned
New 52,Convergence,Convergence,Added,SER-01392,SER-01392,The New 52,Assigned
New 52,Convergence: The Atom,Convergence,Added,SER-01393,SER-01393,The New 52,Assigned
New 52,Convergence: Batgirl,Convergence,Added,SER-01394,SER-01394,The New 52,Assigned
New 52,Convergence: Batman and Robin,Convergence,Added,SER-01395,SER-01395,The New 52,Assigned
New 52,Convergence: Batman and the Outsiders,Convergence,Added,SER-01396,SER-01396,The New 52,Assigned
New 52,Convergence: Batman: Shadow of the Bat,Convergence,Added,SER-01397,SER-01397,The New 52,Assigned
New 52,Convergence: Blue Beetle,Convergence,Added,SER-01398,SER-01398,The New 52,Assigned
New 52,Convergence: Booster Gold,Convergence,Added,SER-01399,SER-01399,The New 52,Assigned
New 52,Convergence: Catwoman,Convergence,Added,SER-01400,SER-01400,The New 52,Assigned
New 52,Convergence: Crime Syndicate,Convergence,Added,SER-01401,SER-01401,The New 52,Assigned
New 52,Convergence: Detective Comics,Convergence,Added,SER-01402,SER-01402,The New 52,Assigned
New 52,Convergence: Green Arrow,Convergence,Added,SER-01403,SER-01403,The New 52,Assigned
New 52,Convergence: Green Lantern Corps,Convergence,Added,SER-01404,SER-01404,The New 52,Assigned
New 52,Convergence: Harley Quinn,Convergence,Added,SER-01405,SER-01405,The New 52,Assigned
New 52,Convergence: Hawkman,Convergence,Added,SER-01406,SER-01406,The New 52,Assigned
New 52,Convergence: Infinity Inc.,Convergence,Added,SER-01407,SER-01407,The New 52,Assigned
New 52,Convergence: Justice League,Convergence,Added,SER-01408,SER-01408,The New 52,Assigned
New 52,Convergence: Justice League America,Convergence,Added,SER-01409,SER-01409,The New 52,Assigned
New 52,Convergence: Justice League International,Convergence,Added,SER-01410,SER-01410,The New 52,Assigned
New 52,Convergence: Nightwing/Oracle,Convergence,Added,SER-01411,SER-01411,The New 52,Assigned
New 52,Convergence: Plastic Man and the Freedom Fighters,Convergence,Added,SER-01412,SER-01412,The New 52,Assigned
New 52,Convergence: Shazam!,Convergence,Added,SER-01413,SER-01413,The New 52,Assigned
New 52,Convergence: Speed Force,Convergence,Added,SER-01414,SER-01414,The New 52,Assigned
New 52,Convergence: Superboy,Convergence,Added,SER-01415,SER-01415,The New 52,Assigned
New 52,Convergence: Supergirl: Matrix,Convergence,Added,SER-01416,SER-01416,The New 52,Assigned
New 52,Convergence: Superman,Convergence,Added,SER-01417,SER-01417,The New 52,Assigned
New 52,Convergence: Swamp Thing,Convergence,Added,SER-01418,SER-01418,The New 52,Assigned
New 52,Convergence: The Adventures of Superman,Convergence,Added,SER-01419,SER-01419,The New 52,Assigned
New 52,Convergence: The Flash,Convergence,Added,SER-01420,SER-01420,The New 52,Assigned
New 52,Convergence: The New Teen Titans,Convergence,Added,SER-01421,SER-01421,The New 52,Assigned
New 52,Convergence: Wonder Woman,Convergence,Added,SER-01422,SER-01422,The New 52,Assigned
New 52,The New 52: Futures End,DC Universe,Added,SER-01423,SER-01423,The New 52,Assigned
New 52,Earth 2: World's End,Justice Society of America,Added,SER-01424,SER-01424,The New 52,Assigned
New 52,The Multiversity,The Multiversity,Already present,,SER-00823,The New 52,Assigned
New 52,Batman Eternal,Batman,Already present,,SER-00075,The New 52,Assigned
New 52,Batman and Robin Eternal,Batman,Already present,,SER-01015,The New 52,Assigned
New 52,Batman: Europa,Batman,Already present,,SER-01019,The New 52,Assigned
New 52,Batman: Endgame,Batman,Added,SER-01425,SER-01425,The New 52,Assigned
New 52,Harley Quinn and Power Girl,Harley Quinn,Added,SER-01426,SER-01426,The New 52,Assigned
New 52,Legends of Tomorrow,DC Universe,Added,SER-01427,SER-01427,The New 52,Assigned
New 52,Before Watchmen: Minutemen,Watchmen Universe,Added,SER-01428,SER-01428,The New 52,Assigned
New 52,Before Watchmen: Silk Spectre,Watchmen Universe,Added,SER-01429,SER-01429,The New 52,Assigned
New 52,Before Watchmen: Comedian,Watchmen Universe,Added,SER-01430,SER-01430,The New 52,Assigned
New 52,Before Watchmen: Nite Owl,Watchmen Universe,Added,SER-01431,SER-01431,The New 52,Assigned
New 52,Before Watchmen: Ozymandias,Watchmen Universe,Added,SER-01432,SER-01432,The New 52,Assigned
New 52,Before Watchmen: Rorschach,Watchmen Universe,Added,SER-01433,SER-01433,The New 52,Assigned
New 52,Before Watchmen: Dr. Manhattan,Watchmen Universe,Added,SER-01434,SER-01434,The New 52,Assigned
New 52,Before Watchmen: Moloch,Watchmen Universe,Added,SER-01435,SER-01435,The New 52,Assigned
New 52,Before Watchmen: Dollar Bill,Watchmen Universe,Added,SER-01436,SER-01436,The New 52,Assigned
New 52,National Comics: Eternity,DC Universe,Added,SER-01437,SER-01437,The New 52,Assigned
New 52,National Comics: Looker,DC Universe,Added,SER-01438,SER-01438,The New 52,Assigned
New 52,National Comics: Madame X,DC Universe,Added,SER-01439,SER-01439,The New 52,Assigned
New 52,National Comics: Rose & Thorn,DC Universe,Added,SER-01440,SER-01440,The New 52,Assigned
New 52,The Ray,DC Universe,Already present,,SER-00836,The New 52,Assigned
New 52,Human Bomb,DC Universe,Added,SER-01441,SER-01441,The New 52,Assigned
New 52,Phantom Lady,DC Universe,Already present,,SER-00560,The New 52,Assigned
New 52,Joe Kubert Presents,DC Universe,Added,SER-01442,SER-01442,The New 52,Assigned
New 52,The Judas Coin,DC Universe,Added,SER-01443,SER-01443,The New 52,Assigned
New 52,Ame-Comi Girls,DC Universe,Added,SER-01444,SER-01444,The New 52,Assigned
New 52,Batman: Arkham Unhinged,Batman,Added,SER-01445,SER-01445,The New 52,Assigned
New 52,Batman '66,Batman,Added,SER-01446,SER-01446,The New 52,Assigned
New 52,Batman '66 Meets the Green Hornet,Batman,Added,SER-01447,SER-01447,The New 52,Assigned
New 52,Batman '66 Meets The Man from U.N.C.L.E.,Batman,Added,SER-01448,SER-01448,The New 52,Assigned
New 52,Batman '66 Meets Wonder Woman '77,Batman,Added,SER-01449,SER-01449,The New 52,Assigned
New 52,Batman '66 Meets the Legion of Super-Heroes,Batman,Added,SER-01450,SER-01450,The New 52,Assigned
New 52,Adventures of Superman,Superman,Already present,,SER-00757,The New 52,Assigned
New 52,Sensation Comics Featuring Wonder Woman,Wonder Woman,Already present,,SER-00977,The New 52,Assigned
New 52,Smallville Season 11,DC Universe,Added,SER-01451,SER-01451,The New 52,Assigned
New 52,Arrow: Season 2.5,DC Universe,Added,SER-01452,SER-01452,The New 52,Assigned
New 52,The Flash: Season Zero,DC Universe,Added,SER-01453,SER-01453,The New 52,Assigned
New 52,Injustice: Gods Among Us,DC Universe,Already present,,SER-01068,The New 52,Assigned
New 52,Injustice: Gods Among Us – Year Two,DC Universe,Added,SER-01454,SER-01454,The New 52,Assigned
New 52,Injustice: Gods Among Us – Year Three,DC Universe,Added,SER-01455,SER-01455,The New 52,Assigned
New 52,Injustice: Gods Among Us – Year Four,DC Universe,Added,SER-01456,SER-01456,The New 52,Assigned
New 52,Injustice: Gods Among Us – Year Five,DC Universe,Added,SER-01457,SER-01457,The New 52,Assigned
New 52,Injustice: Ground Zero,DC Universe,Added,SER-01458,SER-01458,The New 52,Assigned
New 52,He-Man and the Masters of the Universe,Masters of the Universe,Already present,,SER-00478,The New 52,Assigned
New 52,He-Man: The Eternity War,Masters of the Universe,Added,SER-01459,SER-01459,The New 52,Assigned
New 52,DC Universe vs. Masters of the Universe,Masters of the Universe,Added,SER-01460,SER-01460,The New 52,Assigned
DC You,All-Star Section Eight,DC Universe,Added,SER-01461,SER-01461,DC You,Assigned
DC You,Bat-Mite,Batman,Added,SER-01462,SER-01462,DC You,Assigned
DC You,Bizarro,Superman,Added,SER-01463,SER-01463,DC You,Assigned
DC You,Black Canary,Black Canary,Already present,,SER-00103,DC You,Assigned
DC You,Constantine: The Hellblazer,John Constantine,Added,SER-01464,SER-01464,DC You,Assigned
DC You,Cyborg,Cyborg,Already present,,SER-00180,DC You,Assigned
DC You,Doomed,Superman,Added,SER-01465,SER-01465,DC You,Assigned
DC You,Doctor Fate,Doctor Fate,Already present,,SER-00218,DC You,Assigned
DC You,Earth 2: Society,Justice Society of America,Added,SER-01466,SER-01466,DC You,Assigned
DC You,Gotham Academy: Second Semester,Batman,Added,SER-01467,SER-01467,DC You,Assigned
DC You,Green Lantern Corps: Lost Army,Green Lantern,Added,SER-01468,SER-01468,DC You,Assigned
DC You,Green Lantern Corps: Edge of Oblivion,Green Lantern,Added,SER-01469,SER-01469,DC You,Assigned
DC You,Justice League 3001,Justice League,Already present,,SER-01052,DC You,Assigned
DC You,Martian Manhunter,Martian Manhunter,Already present,,SER-00468,DC You,Assigned
DC You,Midnighter,Midnighter & Apollo,Already present,,SER-00491,DC You,Assigned
DC You,The Omega Men,DC Universe,Added,SER-01470,SER-01470,DC You,Assigned
DC You,Poison Ivy: Cycle of Life and Death,Poison Ivy,Added,SER-01471,SER-01471,DC You,Assigned
DC You,Prez,Prez,Already present,,SER-00576,DC You,Assigned
DC You,Red Hood/Arsenal,Red Hood,Added,SER-01472,SER-01472,DC You,Assigned
DC You,Robin: Son of Batman,Robin / Teen Titans,Added,SER-01473,SER-01473,DC You,Assigned
DC You,Starfire,Starfire,Added,SER-01474,SER-01474,DC You,Assigned
DC You,Superman: Lois & Clark,Superman,Added,SER-01475,SER-01475,DC You,Assigned
DC You,Telos,DC Universe,Added,SER-01476,SER-01476,DC You,Assigned
DC You,Titans Hunt,Robin / Teen Titans,Added,SER-01477,SER-01477,DC You,Assigned
DC You,We Are Robin,Robin / Teen Titans,Added,SER-01478,SER-01478,DC You,Assigned
DC You,Bloodlines,DC Universe,Added,SER-01479,SER-01479,DC You,Assigned
DC You,Dark Knight III: The Master Race,Batman,Added,SER-01480,SER-01480,DC You,Assigned
DC You,Suicide Squad Most Wanted: Deadshot and Katana,DC Universe,Added,SER-01481,SER-01481,DC You,Assigned
DC You,Suicide Squad Most Wanted: El Diablo and Boomerang,DC Universe,Added,SER-01482,SER-01482,DC You,Assigned
DC You,Gotham Academy/Lumberjanes,Batman,Added,SER-01483,SER-01483,DC You,Assigned
DC You,Bombshells,DC Universe,Added,SER-01484,SER-01484,DC You,Assigned
DC You,DC Comics Bombshells,DC Universe,Added,SER-01485,SER-01485,DC You,Assigned
DC You,DC Comics: Bombshells United,DC Universe,Added,SER-01486,SER-01486,DC You,Assigned
DC You,The Legend of Wonder Woman,DC Universe,Added,SER-01487,SER-01487,DC You,Assigned
DC You,Wonder Woman '77,DC Universe,Added,SER-01488,SER-01488,DC You,Assigned
DC You,Batman: The Adventures Continue,DC Universe,Already present,,SER-01025,DC You,Assigned
DC You,Scooby Apocalypse,DC Universe,Added,SER-01489,SER-01489,DC You,Assigned
DC You,Future Quest,DC Universe,Added,SER-01490,SER-01490,DC You,Assigned
DC You,Future Quest Presents,DC Universe,Added,SER-01491,SER-01491,DC You,Assigned
DC You,The Flintstones,DC Universe,Added,SER-01492,SER-01492,DC You,Assigned
DC You,Wacky Raceland,DC Universe,Added,SER-01493,SER-01493,DC You,Assigned
DC You,The Jetsons,DC Universe,Added,SER-01494,SER-01494,DC You,Assigned
DC You,Dastardly and Muttley,DC Universe,Added,SER-01495,SER-01495,DC You,Assigned
DC You,Exit Stage Left: The Snagglepuss Chronicles,DC Universe,Added,SER-01496,SER-01496,DC You,Assigned
DC You,Ruff and Reddy Show,DC Universe,Added,SER-01497,SER-01497,DC You,Assigned
Rebirth,Batgirl and the Birds of Prey,Batgirl,Added,SER-01498,SER-01498,Rebirth,Assigned
Rebirth,Batman Beyond,Batman,Already present,,SER-01016,Rebirth,Assigned
Rebirth,Green Lanterns,Green Lantern,Added,SER-01499,SER-01499,Rebirth,Assigned
Rebirth,Hal Jordan and the Green Lantern Corps,Green Lantern,Already present,,SER-01042,Rebirth,Assigned
Rebirth,The Hellblazer,John Constantine,Already present,,SER-01868,Rebirth,Created exact-title authority
Rebirth,New Super-Man,Superman,Added,SER-01500,SER-01500,Rebirth,Assigned
Rebirth,New Super-Man and the Justice League of China,Superman,Added,SER-01501,SER-01501,Rebirth,Assigned
Rebirth,Super Sons,Superman,Added,SER-01502,SER-01502,Rebirth,Assigned
Rebirth,Superwoman,Superman,Added,SER-01503,SER-01503,Rebirth,Assigned
Rebirth,Titans,Robin / Teen Titans,Already present,,SER-00609,Rebirth,Assigned
Rebirth,Trinity,DC Universe,Added,SER-01504,SER-01504,Rebirth,Assigned
Rebirth,DC Universe: Rebirth,DC Universe,Added,SER-01505,SER-01505,Rebirth,Assigned
Rebirth,Batman: Night of the Monster Men,Batman,Added,SER-01506,SER-01506,Rebirth,Assigned
Rebirth,Justice League vs. Suicide Squad,Justice League,Added,SER-01507,SER-01507,Rebirth,Assigned
Rebirth,Batman/The Flash: The Button,Batman,Added,SER-01508,SER-01508,Rebirth,Assigned
Rebirth,Superman Reborn,Superman,Added,SER-01509,SER-01509,Rebirth,Assigned
Rebirth,Dark Nights: Metal,DC Universe,Added,SER-01510,SER-01510,Rebirth,Assigned
Rebirth,Doomsday Clock,Watchmen Universe,Already present,,SER-00953,Rebirth,Assigned
Rebirth,Heroes in Crisis,DC Universe,Added,SER-01511,SER-01511,Rebirth,Assigned
Rebirth,Batman: The Devastator,Batman,Added,SER-01512,SER-01512,Rebirth,Assigned
Rebirth,Batman: The Drowned,Batman,Added,SER-01513,SER-01513,Rebirth,Assigned
Rebirth,Batman: The Merciless,Batman,Added,SER-01514,SER-01514,Rebirth,Assigned
Rebirth,Batman: The Murder Machine,Batman,Added,SER-01515,SER-01515,Rebirth,Assigned
Rebirth,Batman: The Red Death,Batman,Added,SER-01516,SER-01516,Rebirth,Assigned
Rebirth,The Batman Who Laughs,Batman,Added,SER-01517,SER-01517,Rebirth,Assigned
Rebirth,The Batman Who Laughs: The Grim Knight,Batman,Added,SER-01518,SER-01518,Rebirth,Assigned
Rebirth,Batman and the Signal,Batman,Added,SER-01519,SER-01519,Rebirth,Assigned
Rebirth,Batman: Prelude to the Wedding,Batman,Added,SER-01520,SER-01520,Rebirth,Assigned
Rebirth,Batman: White Knight,Batman,Already present,,SER-00088,Rebirth,Assigned
Rebirth,Batman: Creature of the Night,Batman,Already present,,SER-01029,Rebirth,Assigned
Rebirth,The Man of Steel,Superman,Already present,,SER-01869,Rebirth,Created exact-title authority
Rebirth,Action Comics Special,Superman,Added,SER-01521,SER-01521,Rebirth,Assigned
Rebirth,Superman Special,Superman,Added,SER-01522,SER-01522,Rebirth,Assigned
Rebirth,Adventures of the Super Sons,Superman,Added,SER-01523,SER-01523,Rebirth,Assigned
Rebirth,Super Sons of Tomorrow,Superman,Added,SER-01524,SER-01524,Rebirth,Assigned
Rebirth,Raven,Raven,Added,SER-01525,SER-01525,Rebirth,Assigned
Rebirth,Raven: Daughter of Darkness,Raven,Added,SER-01526,SER-01526,Rebirth,Assigned
Rebirth,Plastic Man,Plastic Man,Already present,,SER-00564,Rebirth,Assigned
Rebirth,Mister Miracle,Mister Miracle / New Gods,Already present,,SER-00505,Rebirth,Assigned
Rebirth,Bug! The Adventures of Forager,DC Universe,Added,SER-01527,SER-01527,Rebirth,Assigned
Rebirth,Deadman: Dark Mansion of Forbidden Love,DC Universe,Added,SER-01528,SER-01528,Rebirth,Assigned
Rebirth,Mystik U,DC Universe,Added,SER-01529,SER-01529,Rebirth,Assigned
Rebirth,Gotham City Garage,DC Universe,Added,SER-01530,SER-01530,Rebirth,Assigned
Rebirth,Electric Warriors,DC Universe,Added,SER-01531,SER-01531,Rebirth,Assigned
Rebirth,Freedom Fighters,Freedom Fighters,Already present,,SER-00283,Rebirth,Assigned
Rebirth,The Wild Storm,DC Universe,Added,SER-01532,SER-01532,Rebirth,Assigned
Rebirth,The Wild Storm: Michael Cray,DC Universe,Added,SER-01533,SER-01533,Rebirth,Assigned
Rebirth,Damage,DC Universe,Added,SER-01534,SER-01534,Rebirth,Assigned
Rebirth,The Curse of Brimstone,DC Universe,Added,SER-01535,SER-01535,Rebirth,Assigned
Rebirth,The Immortal Men,DC Universe,Added,SER-01536,SER-01536,Rebirth,Assigned
Rebirth,New Challengers,Challengers of the Unknown,Added,SER-01537,SER-01537,Rebirth,Assigned
Rebirth,Sideways,DC Universe,Added,SER-01538,SER-01538,Rebirth,Assigned
Rebirth,The Silencer,DC Universe,Added,SER-01539,SER-01539,Rebirth,Assigned
Rebirth,The Unexpected,DC Universe,Added,SER-01540,SER-01540,Rebirth,Assigned
Rebirth,The Terrifics,The Terrifics,Already present,,SER-00862,Rebirth,Assigned
Rebirth,Injustice 2,DC Universe,Already present,,SER-01069,Rebirth,Assigned
Rebirth,Injustice vs. Masters of the Universe,DC Universe,Added,SER-01541,SER-01541,Rebirth,Assigned
Rebirth,Batman/Teenage Mutant Ninja Turtles II,DC Universe,Added,SER-01542,SER-01542,Rebirth,Assigned
Rebirth,Batman/Teenage Mutant Ninja Turtles III,DC Universe,Added,SER-01543,SER-01543,Rebirth,Assigned
Rebirth,Batman/Elmer Fudd,DC Universe,Added,SER-01544,SER-01544,Rebirth,Assigned
Rebirth,DC Meets Hanna-Barbera,DC Universe,Added,SER-01545,SER-01545,Rebirth,Assigned
Rebirth,Superman/Top Cat Special,DC Universe,Added,SER-01546,SER-01546,Rebirth,Assigned
Rebirth,Flash/Speed Buggy Special,DC Universe,Added,SER-01547,SER-01547,Rebirth,Assigned
Rebirth,Green Lantern/Huckleberry Hound Special,DC Universe,Added,SER-01548,SER-01548,Rebirth,Assigned
Rebirth,Deathstroke/Yogi Bear Special,DC Universe,Added,SER-01549,SER-01549,Rebirth,Assigned
Rebirth,Aquaman/Jabberjaw Special,DC Universe,Added,SER-01550,SER-01550,Rebirth,Assigned
Rebirth,Black Lightning/Hong Kong Phooey Special,DC Universe,Added,SER-01551,SER-01551,Rebirth,Assigned
Rebirth,Ghosts,DC Universe,Added,SER-01552,SER-01552,Rebirth,Assigned
Rebirth,Dog Days of Summer,DC Universe,Added,SER-01553,SER-01553,Rebirth,Assigned
Rebirth,Mysteries of Love in Space,DC Universe,Added,SER-01554,SER-01554,Rebirth,Assigned
Rebirth,Nuclear Winter Special,DC Universe,Added,SER-01555,SER-01555,Rebirth,Assigned
DC Universe,Justice League: No Justice,Justice League,Already present,,SER-01054,DC Universe,Assigned
DC Universe,Justice League Odyssey,Justice League Odyssey,Already present,,SER-00420,DC Universe,Assigned
DC Universe,Batman and the Outsiders,Batman,Already present,,SER-00825,DC Universe,Assigned
DC Universe,Batman: Universe,Batman,Added,SER-01556,SER-01556,DC Universe,Assigned
DC Universe,Batman: Pennyworth R.I.P.,Batman,Added,SER-01557,SER-01557,DC Universe,Assigned
DC Universe,Batman: Kings of Fear,Batman,Added,SER-01558,SER-01558,DC Universe,Assigned
DC Universe,Batman: Last Knight on Earth,Batman,Already present,,SER-00086,DC Universe,Assigned
DC Universe,Batman/Superman,Batman,Already present,,SER-00982,DC Universe,Assigned
DC Universe,Batman: Curse of the White Knight,Batman,Already present,,SER-00084,DC Universe,Assigned
DC Universe,Batman: The Smile Killer,Batman,Added,SER-01559,SER-01559,DC Universe,Assigned
DC Universe,Batman: Three Jokers,Batman,Already present,,SER-00087,DC Universe,Assigned
DC Universe,Joker: Killer Smile,Batman,Added,SER-01560,SER-01560,DC Universe,Assigned
DC Universe,Harleen,Harley Quinn,Added,SER-01561,SER-01561,DC Universe,Assigned
DC Universe,Harley Quinn and the Birds of Prey,Harley Quinn,Added,SER-01562,SER-01562,DC Universe,Assigned
DC Universe,Superman's Pal Jimmy Olsen,Superman,Added,SER-01563,SER-01563,DC Universe,Assigned
DC Universe,Lois Lane,Superman,Added,SER-01564,SER-01564,DC Universe,Assigned
DC Universe,Event Leviathan,Superman,Added,SER-01565,SER-01565,DC Universe,Assigned
DC Universe,Leviathan Dawn,Superman,Added,SER-01566,SER-01566,DC Universe,Assigned
DC Universe,Legion of Super-Heroes,Superman,Already present,,SER-00434,DC Universe,Assigned
DC Universe,Wonder Woman: Come Back to Me,Wonder Woman,Added,SER-01567,SER-01567,DC Universe,Assigned
DC Universe,Wonder Woman: Dead Earth,Wonder Woman,Already present,,SER-00980,DC Universe,Assigned
DC Universe,Wonder Woman: Evolution,Wonder Woman,Added,SER-01568,SER-01568,DC Universe,Assigned
DC Universe,The Green Lantern,Green Lantern,Already present,,SER-01870,DC Universe,Created exact-title authority
DC Universe,The Green Lantern: Blackstars,Green Lantern,Added,SER-01569,SER-01569,DC Universe,Assigned
DC Universe,Far Sector,Green Lantern,Already present,,SER-01046,DC Universe,Assigned
DC Universe,Flash Forward,The Flash,Added,SER-01570,SER-01570,DC Universe,Assigned
DC Universe,The Flash: Fastest Man Alive,The Flash,Added,SER-01571,SER-01571,DC Universe,Assigned
DC Universe,Shazam!,Shazam / Captain Marvel,Already present,,SER-00665,DC Universe,Assigned
DC Universe,Hawkman,Hawkman,Already present,,SER-00341,DC Universe,Assigned
DC Universe,Aquaman: Deep Dives,Aquaman,Added,SER-01572,SER-01572,DC Universe,Assigned
DC Universe,Year of the Villain: Hell Arisen,DC Universe,Added,SER-01573,SER-01573,DC Universe,Assigned
DC Universe,Dark Nights: Death Metal,DC Universe,Added,SER-01574,SER-01574,DC Universe,Assigned
DC Universe,Dark Nights: Death Metal – Legends of the Dark Knights,DC Universe,Added,SER-01575,SER-01575,DC Universe,Assigned
DC Universe,Dark Nights: Death Metal – Trinity Crisis,DC Universe,Added,SER-01576,SER-01576,DC Universe,Assigned
DC Universe,Dark Nights: Death Metal – Speed Metal,DC Universe,Added,SER-01577,SER-01577,DC Universe,Assigned
DC Universe,Dark Nights: Death Metal – Multiverse's End,DC Universe,Added,SER-01578,SER-01578,DC Universe,Assigned
DC Universe,Dark Nights: Death Metal – Rise of the New God,DC Universe,Added,SER-01579,SER-01579,DC Universe,Assigned
DC Universe,Dark Nights: Death Metal – The Secret Origin,DC Universe,Added,SER-01580,SER-01580,DC Universe,Assigned
DC Universe,Dark Nights: Death Metal – The Last Stories of the DC Universe,DC Universe,Added,SER-01581,SER-01581,DC Universe,Assigned
DC Universe,Dark Nights: Death Metal – The Last 52: War of the Multiverses,DC Universe,Added,SER-01582,SER-01582,DC Universe,Assigned
DC Universe,Generations Shattered,DC Universe,Added,SER-01583,SER-01583,DC Universe,Assigned
DC Universe,Generations Forged,DC Universe,Added,SER-01584,SER-01584,DC Universe,Assigned
DC Universe,Strange Adventures,DC Universe,Already present,,SER-00041,DC Universe,Assigned
DC Universe,The Question: The Deaths of Vic Sage,The Question,Added,SER-01585,SER-01585,DC Universe,Assigned
DC Universe,The Other History of the DC Universe,DC Universe,Added,SER-01586,SER-01586,DC Universe,Assigned
DC Universe,The Last God,DC Universe,Added,SER-01587,SER-01587,DC Universe,Assigned
DC Universe,John Constantine: Hellblazer,John Constantine,Already present,,SER-00400,DC Universe,Assigned
DC Universe,Hellblazer: Rise and Fall,John Constantine,Added,SER-01588,SER-01588,DC Universe,Assigned
DC Universe,The Dreaming,Sandman,Already present,,SER-01072,DC Universe,Assigned
DC Universe,The Dreaming: Waking Hours,Sandman,Added,SER-01589,SER-01589,DC Universe,Assigned
DC Universe,House of Whispers,Sandman,Added,SER-01590,SER-01590,DC Universe,Assigned
DC Universe,Lucifer,Sandman,Already present,,SER-00449,DC Universe,Assigned
DC Universe,Books of Magic,Sandman,Already present,,SER-01871,DC Universe,Created exact-title authority
DC Universe,Doom Patrol,Doom Patrol,Already present,,SER-00235,DC Universe,Assigned
DC Universe,Doom Patrol: Weight of the Worlds,Doom Patrol,Added,SER-01591,SER-01591,DC Universe,Assigned
DC Universe,Mother Panic,DC Universe,Added,SER-01592,SER-01592,DC Universe,Assigned
DC Universe,Mother Panic: Gotham A.D.,DC Universe,Added,SER-01593,SER-01593,DC Universe,Assigned
DC Universe,"Shade, the Changing Girl",DC Universe,Added,SER-01594,SER-01594,DC Universe,Assigned
DC Universe,"Shade, the Changing Woman",DC Universe,Added,SER-01595,SER-01595,DC Universe,Assigned
DC Universe,Cave Carson Has a Cybernetic Eye,DC Universe,Added,SER-01596,SER-01596,DC Universe,Assigned
DC Universe,Cave Carson Has an Interstellar Eye,DC Universe,Added,SER-01597,SER-01597,DC Universe,Assigned
DC Universe,Eternity Girl,DC Universe,Added,SER-01598,SER-01598,DC Universe,Assigned
DC Universe,Milk Wars,DC Universe,Added,SER-01599,SER-01599,DC Universe,Assigned
DC Universe,Young Justice,Young Justice,Already present,,SER-01007,DC Universe,Assigned
DC Universe,Wonder Twins,Wonder Twins,Already present,,SER-00975,DC Universe,Assigned
DC Universe,Dial H for Hero,DC Universe,Added,SER-01600,SER-01600,DC Universe,Assigned
DC Universe,Naomi,DC Universe,Added,SER-01601,SER-01601,DC Universe,Assigned
DC Universe,Amethyst,DC Universe,Added,SER-01602,SER-01602,DC Universe,Assigned
DC Universe,Naomi: Season Two,DC Universe,Added,SER-01603,SER-01603,DC Universe,Assigned
DC Universe,The Batman's Grave,DC Universe,Added,SER-01604,SER-01604,DC Universe,Assigned
DC Universe,Batman vs. Ra's al Ghul,DC Universe,Added,SER-01605,SER-01605,DC Universe,Assigned
DC Universe,Batman and the Maxx: Arkham Dreams,DC Universe,Added,SER-01606,SER-01606,DC Universe,Assigned
DC Universe,Batman/Teenage Mutant Ninja Turtles,DC Universe,Added,SER-01607,SER-01607,DC Universe,Assigned
DC Universe,Superman Smashes the Klan,DC Universe,Added,SER-01608,SER-01608,DC Universe,Assigned
DC Universe,Superman: Man of Tomorrow,DC Universe,Already present,,SER-01872,DC Universe,Created exact-title authority
DC Universe,Superman: Red & Blue,DC Universe,Added,SER-01609,SER-01609,DC Universe,Assigned
DC Universe,Batman: Black & White,DC Universe,Already present,,SER-01017,DC Universe,Assigned
DC Universe,Wonder Woman: Black & Gold,DC Universe,Added,SER-01610,SER-01610,DC Universe,Assigned
DC Universe,Harley Quinn: Black + White + Red,DC Universe,Added,SER-01611,SER-01611,DC Universe,Assigned
DC Universe,Represent!,DC Universe,Added,SER-01612,SER-01612,DC Universe,Assigned
DC Universe,Truth & Justice,DC Universe,Added,SER-01613,SER-01613,DC Universe,Assigned
DC Universe,RWBY/Justice League,DC Universe,Added,SER-01614,SER-01614,DC Universe,Assigned
DC Universe,RWBY/Justice League: DC/RWBY,DC Universe,Added,SER-01615,SER-01615,DC Universe,Assigned
DC Universe,American Vampire 1976,DC Universe,Added,SER-01616,SER-01616,DC Universe,Assigned
DC Universe,Basketful of Heads,DC Universe,Added,SER-01617,SER-01617,DC Universe,Assigned
DC Universe,The Dollhouse Family,DC Universe,Added,SER-01618,SER-01618,DC Universe,Assigned
DC Universe,Daphne Byrne,DC Universe,Added,SER-01619,SER-01619,DC Universe,Assigned
DC Universe,"The Low, Low Woods",DC Universe,Added,SER-01620,SER-01620,DC Universe,Assigned
DC Universe,Plunge,DC Universe,Added,SER-01621,SER-01621,DC Universe,Assigned
DC Universe,Refrigerator Full of Heads,DC Universe,Added,SER-01622,SER-01622,DC Universe,Assigned
DC Universe,Soul Plumber,DC Universe,Added,SER-01623,SER-01623,DC Universe,Assigned
Future State,Future State: Aquaman,Future State,Added,SER-01624,SER-01624,Future State,Assigned
Future State,Future State: Batman/Superman,Future State,Added,SER-01625,SER-01625,Future State,Assigned
Future State,Future State: Catwoman,Future State,Added,SER-01626,SER-01626,Future State,Assigned
Future State,Future State: Dark Detective,Future State,Added,SER-01627,SER-01627,Future State,Assigned
Future State,Future State: Gotham,Future State,Added,SER-01628,SER-01628,Future State,Assigned
Future State,Future State: Green Lantern,Future State,Added,SER-01629,SER-01629,Future State,Assigned
Future State,Future State: Harley Quinn,Future State,Added,SER-01630,SER-01630,Future State,Assigned
Future State,Future State: Immortal Wonder Woman,Future State,Added,SER-01631,SER-01631,Future State,Assigned
Future State,Future State: Justice League,Future State,Added,SER-01632,SER-01632,Future State,Assigned
Future State,"Future State: Kara Zor-El, Superwoman",Future State,Added,SER-01633,SER-01633,Future State,Assigned
Future State,Future State: Legion of Super-Heroes,Future State,Added,SER-01634,SER-01634,Future State,Assigned
Future State,Future State: Nightwing,Future State,Added,SER-01635,SER-01635,Future State,Assigned
Future State,Future State: Robin Eternal,Future State,Added,SER-01636,SER-01636,Future State,Assigned
Future State,Future State: Shazam!,Future State,Added,SER-01637,SER-01637,Future State,Assigned
Future State,Future State: Suicide Squad,Future State,Added,SER-01638,SER-01638,Future State,Assigned
Future State,Future State: Superman of Metropolis,Future State,Added,SER-01639,SER-01639,Future State,Assigned
Future State,Future State: Superman vs. Imperious Lex,Future State,Added,SER-01640,SER-01640,Future State,Assigned
Future State,Future State: Superman/Wonder Woman,Future State,Added,SER-01641,SER-01641,Future State,Assigned
Future State,Future State: Swamp Thing,Future State,Added,SER-01642,SER-01642,Future State,Assigned
Future State,Future State: Teen Titans,Future State,Added,SER-01643,SER-01643,Future State,Assigned
Future State,Future State: The Flash,Future State,Added,SER-01644,SER-01644,Future State,Assigned
Future State,Future State: The Next Batman,Future State,Added,SER-01645,SER-01645,Future State,Assigned
Future State,Future State: Wonder Woman,Future State,Added,SER-01646,SER-01646,Future State,Assigned
Future State,Future State: Wonder Woman: Nubia,Future State,Added,SER-01647,SER-01647,Future State,Assigned
Infinite Frontier,Infinite Frontier,DC Universe,Added,SER-01648,SER-01648,Infinite Frontier,Assigned
Infinite Frontier,Justice League Incarnate,DC Universe,Added,SER-01649,SER-01649,Infinite Frontier,Assigned
Infinite Frontier,Dark Crisis on Infinite Earths,DC Universe,Added,SER-01650,SER-01650,Infinite Frontier,Assigned
Infinite Frontier,Batman: Urban Legends,Batman,Already present,,SER-01022,Infinite Frontier,Assigned
Infinite Frontier,Batman: The Detective,Batman,Already present,,SER-01026,Infinite Frontier,Assigned
Infinite Frontier,Batman: Reptilian,Batman,Already present,,SER-01021,Infinite Frontier,Assigned
Infinite Frontier,Batman: The Imposter,Batman,Already present,,SER-01020,Infinite Frontier,Assigned
Infinite Frontier,Batman: One Dark Knight,Batman,Already present,,SER-01028,Infinite Frontier,Assigned
Infinite Frontier,Batman: Killing Time,Batman,Already present,,SER-01027,Infinite Frontier,Assigned
Infinite Frontier,Batman: The Knight,Batman,Already present,,SER-01032,Infinite Frontier,Assigned
Infinite Frontier,Batman: Fortress,Batman,Added,SER-01651,SER-01651,Infinite Frontier,Assigned
Infinite Frontier,Batman: Beyond the White Knight,Batman,Already present,,SER-01031,Infinite Frontier,Assigned
Infinite Frontier,Batman Beyond: Neo-Year,Batman,Added,SER-01652,SER-01652,Infinite Frontier,Assigned
Infinite Frontier,Batman/Catwoman,Batman,Added,SER-01653,SER-01653,Infinite Frontier,Assigned
Infinite Frontier,Batman: Dear Detective,Batman,Added,SER-01654,SER-01654,Infinite Frontier,Assigned
Infinite Frontier,Batman vs. Robin,Batman,Added,SER-01655,SER-01655,Infinite Frontier,Assigned
Infinite Frontier,Robin & Batman,Batman,Added,SER-01656,SER-01656,Infinite Frontier,Assigned
Infinite Frontier,Robin,Batman,Already present,,SER-00606,Infinite Frontier,Assigned
Infinite Frontier,I Am Batman,Batman,Added,SER-01657,SER-01657,Infinite Frontier,Assigned
Infinite Frontier,Detective Comics: The Tower,Batman,Added,SER-01658,SER-01658,Infinite Frontier,Assigned
Infinite Frontier,The Joker,Batman,Added,SER-01659,SER-01659,Infinite Frontier,Assigned
Infinite Frontier,The Joker Presents: A Puzzlebox,Batman,Added,SER-01660,SER-01660,Infinite Frontier,Assigned
Infinite Frontier,Catwoman: Lonely City,Catwoman,Added,SER-01661,SER-01661,Infinite Frontier,Assigned
Infinite Frontier,Nightwing,Nightwing,Already present,,SER-00536,Infinite Frontier,Assigned
Infinite Frontier,Batgirls,Batgirls,Added,SER-01662,SER-01662,Infinite Frontier,Assigned
Infinite Frontier,Poison Ivy,Poison Ivy,Already present,,SER-00567,Infinite Frontier,Assigned
Infinite Frontier,Arkham City: The Order of the World,DC Universe,Added,SER-01663,SER-01663,Infinite Frontier,Assigned
Infinite Frontier,Task Force Z,DC Universe,Already present,,SER-00777,Infinite Frontier,Assigned
Infinite Frontier,Superman: Son of Kal-El,Superman,Added,SER-01664,SER-01664,Infinite Frontier,Assigned
Infinite Frontier,Superman and the Authority,Superman,Added,SER-01665,SER-01665,Infinite Frontier,Assigned
Infinite Frontier,Superman '78,Superman,Added,SER-01666,SER-01666,Infinite Frontier,Assigned
Infinite Frontier,Superman: Space Age,Superman,Already present,,SER-00767,Infinite Frontier,Assigned
Infinite Frontier,Superman: Lost,Superman,Already present,,SER-01037,Infinite Frontier,Assigned
Infinite Frontier,World of Krypton,Superman,Added,SER-01667,SER-01667,Infinite Frontier,Assigned
Infinite Frontier,The Jurassic League,Superman,Added,SER-01668,SER-01668,Infinite Frontier,Assigned
Infinite Frontier,Monkey Prince,Superman,Added,SER-01669,SER-01669,Infinite Frontier,Assigned
Infinite Frontier,Batman/Superman: World's Finest,World's Finest (Batman & Superman),Already present,,SER-00983,Infinite Frontier,Assigned
Infinite Frontier,Wonder Girl,Wonder Woman,Added,SER-01670,SER-01670,Infinite Frontier,Assigned
Infinite Frontier,Nubia & the Amazons,Wonder Woman,Added,SER-01671,SER-01671,Infinite Frontier,Assigned
Infinite Frontier,Nubia: Coronation Special,Wonder Woman,Added,SER-01672,SER-01672,Infinite Frontier,Assigned
Infinite Frontier,Trial of the Amazons,Wonder Woman,Added,SER-01673,SER-01673,Infinite Frontier,Assigned
Infinite Frontier,Trial of the Amazons: Wonder Girl,Wonder Woman,Added,SER-01674,SER-01674,Infinite Frontier,Assigned
Infinite Frontier,Artemis: Wanted,Wonder Woman,Added,SER-01675,SER-01675,Infinite Frontier,Assigned
Infinite Frontier,Tales of the Amazons,Wonder Woman,Added,SER-01676,SER-01676,Infinite Frontier,Assigned
Infinite Frontier,Aquaman: The Becoming,Aquaman,Added,SER-01677,SER-01677,Infinite Frontier,Assigned
Infinite Frontier,Aquaman/Green Arrow: Deep Target,Aquaman,Added,SER-01678,SER-01678,Infinite Frontier,Assigned
Infinite Frontier,Aquamen,Aquaman,Added,SER-01679,SER-01679,Infinite Frontier,Assigned
Infinite Frontier,Aquaman & The Flash: Voidsong,Aquaman,Added,SER-01680,SER-01680,Infinite Frontier,Assigned
Infinite Frontier,Green Lantern: War Journal,Green Lantern,Added,SER-01681,SER-01681,Infinite Frontier,Assigned
Infinite Frontier,The Flash,The Flash,Already present,,SER-00805,Infinite Frontier,Assigned
Infinite Frontier,Flashpoint Beyond,The Flash,Already present,,SER-01064,Infinite Frontier,Assigned
Infinite Frontier,Blue Beetle: Graduation Day,Blue Beetle,Added,SER-01682,SER-01682,Infinite Frontier,Assigned
Infinite Frontier,Blue & Gold,Blue Beetle,Added,SER-01683,SER-01683,Infinite Frontier,Assigned
Infinite Frontier,Black Adam,Black Adam,Added,SER-01684,SER-01684,Infinite Frontier,Assigned
Infinite Frontier,Black Manta,Black Manta,Added,SER-01685,SER-01685,Infinite Frontier,Assigned
Infinite Frontier,Deathstroke Inc.,Deathstroke,Added,SER-01686,SER-01686,Infinite Frontier,Assigned
Infinite Frontier,Teen Titans Academy,Robin / Teen Titans,Already present,,SER-01058,Infinite Frontier,Assigned
Infinite Frontier,Titans United,Robin / Teen Titans,Already present,,SER-01059,Infinite Frontier,Assigned
Infinite Frontier,Titans United: Bloodpact,Robin / Teen Titans,Added,SER-01687,SER-01687,Infinite Frontier,Assigned
Infinite Frontier,Suicide Squad: Get Joker!,Suicide Squad,Added,SER-01688,SER-01688,Infinite Frontier,Assigned
Infinite Frontier,Suicide Squad: Blaze,Suicide Squad,Added,SER-01689,SER-01689,Infinite Frontier,Assigned
Infinite Frontier,Justice League: Last Ride,Justice League,Already present,,SER-01053,Infinite Frontier,Assigned
Infinite Frontier,Justice League vs. The Legion of Super-Heroes,Justice League,Added,SER-01690,SER-01690,Infinite Frontier,Assigned
Infinite Frontier,The New Golden Age,Justice Society of America,Already present,,SER-01056,Infinite Frontier,Assigned
Infinite Frontier,Stargirl: The Lost Children,Justice Society of America,Added,SER-01691,SER-01691,Infinite Frontier,Assigned
Infinite Frontier,DC vs. Vampires,DC Universe,Already present,,SER-01066,Infinite Frontier,Assigned
Infinite Frontier,DC vs. Vampires: All-Out War,DC Universe,Already present,,SER-01067,Infinite Frontier,Assigned
Infinite Frontier,DC vs. Vampires: Killers,DC Universe,Added,SER-01692,SER-01692,Infinite Frontier,Assigned
Infinite Frontier,DC vs. Vampires: Hunters,DC Universe,Added,SER-01693,SER-01693,Infinite Frontier,Assigned
Infinite Frontier,DC vs. Vampires: Coffin Edition,DC Universe,Added,SER-01694,SER-01694,Infinite Frontier,Assigned
Infinite Frontier,DCeased: War of the Undead Gods,DCeased,Already present,,SER-01063,Infinite Frontier,Assigned
Infinite Frontier,Dark Knights of Steel,DC Universe,Added,SER-01695,SER-01695,Infinite Frontier,Assigned
Infinite Frontier,The Human Target,DC Universe,Already present,,SER-01071,Infinite Frontier,Assigned
Infinite Frontier,Danger Street,DC Universe,Added,SER-01696,SER-01696,Infinite Frontier,Assigned
Infinite Frontier,Rogues,DC Universe,Added,SER-01697,SER-01697,Infinite Frontier,Assigned
Infinite Frontier,The Nice House on the Lake,DC Universe,Already present,,SER-00824,Infinite Frontier,Assigned
Infinite Frontier,Crush & Lobo,DC Universe,Added,SER-01698,SER-01698,Infinite Frontier,Assigned
Infinite Frontier,Mister Miracle: The Source of Freedom,DC Universe,Added,SER-01699,SER-01699,Infinite Frontier,Assigned
Infinite Frontier,One-Star Squadron,DC Universe,Added,SER-01700,SER-01700,Infinite Frontier,Assigned
Infinite Frontier,The Vigil,DC Universe,Added,SER-01701,SER-01701,Infinite Frontier,Assigned
Infinite Frontier,Sword of Azrael,DC Universe,Added,SER-01702,SER-01702,Infinite Frontier,Assigned
Infinite Frontier,Hardware: Season One,DC Universe,Added,SER-01703,SER-01703,Infinite Frontier,Assigned
Infinite Frontier,Icon & Rocket: Season One,Icon and Rocket,Already present,,SER-00370,Infinite Frontier,Assigned
Infinite Frontier,Static: Season One,Static,Added,SER-01704,SER-01704,Infinite Frontier,Assigned
Infinite Frontier,Duo,DC Universe,Added,SER-01705,SER-01705,Infinite Frontier,Assigned
Infinite Frontier,Blood Syndicate: Season One,DC Universe,Added,SER-01706,SER-01706,Infinite Frontier,Assigned
Infinite Frontier,Static: Shadows of Dakota,Static,Already present,,SER-00739,Infinite Frontier,Assigned
Infinite Frontier,Icon vs. Hardware,DC Universe,Added,SER-01707,SER-01707,Infinite Frontier,Assigned
Infinite Frontier,Batman: The Audio Adventures,DC Universe,Added,SER-01708,SER-01708,Infinite Frontier,Assigned
Infinite Frontier,Batman: The Adventures Continue Season Two,DC Universe,Added,SER-01709,SER-01709,Infinite Frontier,Assigned
Infinite Frontier,Batman '89,DC Universe,Added,SER-01710,SER-01710,Infinite Frontier,Assigned
Infinite Frontier,The Batman & Scooby-Doo Mysteries,DC Universe,Added,SER-01711,SER-01711,Infinite Frontier,Assigned
Infinite Frontier,Batman/Fortnite: Zero Point,DC Universe,Added,SER-01712,SER-01712,Infinite Frontier,Assigned
Infinite Frontier,Batman/Fortnite: Foundation,DC Universe,Added,SER-01713,SER-01713,Infinite Frontier,Assigned
Infinite Frontier,Batman: Wayne Family Adventures,DC Universe,Added,SER-01714,SER-01714,Infinite Frontier,Assigned
Infinite Frontier,Dark Crisis: Young Justice,DC Universe,Added,SER-01715,SER-01715,Infinite Frontier,Assigned
Infinite Frontier,Dark Crisis: Worlds Without a Justice League – Batman,DC Universe,Added,SER-01716,SER-01716,Infinite Frontier,Assigned
Infinite Frontier,Dark Crisis: Worlds Without a Justice League – Green Arrow,DC Universe,Added,SER-01717,SER-01717,Infinite Frontier,Assigned
Infinite Frontier,Dark Crisis: Worlds Without a Justice League – Green Lantern,DC Universe,Added,SER-01718,SER-01718,Infinite Frontier,Assigned
Infinite Frontier,Dark Crisis: Worlds Without a Justice League – Superman,DC Universe,Added,SER-01719,SER-01719,Infinite Frontier,Assigned
Infinite Frontier,Dark Crisis: Worlds Without a Justice League – Wonder Woman,DC Universe,Added,SER-01720,SER-01720,Infinite Frontier,Assigned
Infinite Frontier,Dark Crisis: The Deadly Green,DC Universe,Added,SER-01721,SER-01721,Infinite Frontier,Assigned
Infinite Frontier,Dark Crisis: The Dark Army,DC Universe,Added,SER-01722,SER-01722,Infinite Frontier,Assigned
Infinite Frontier,Dark Crisis: War Zone,DC Universe,Added,SER-01723,SER-01723,Infinite Frontier,Assigned
Infinite Frontier,Lazarus Planet: Alpha,DC Universe,Added,SER-01724,SER-01724,Infinite Frontier,Assigned
Infinite Frontier,Lazarus Planet: Omega,DC Universe,Added,SER-01725,SER-01725,Infinite Frontier,Assigned
Infinite Frontier,Lazarus Planet: Assault on Krypton,DC Universe,Added,SER-01726,SER-01726,Infinite Frontier,Assigned
Infinite Frontier,Lazarus Planet: Dark Fate,DC Universe,Added,SER-01727,SER-01727,Infinite Frontier,Assigned
Infinite Frontier,Lazarus Planet: Legends Reborn,DC Universe,Added,SER-01728,SER-01728,Infinite Frontier,Assigned
Infinite Frontier,Lazarus Planet: Next Evolution,DC Universe,Added,SER-01729,SER-01729,Infinite Frontier,Assigned
Infinite Frontier,Lazarus Planet: We Once Were Gods,DC Universe,Added,SER-01730,SER-01730,Infinite Frontier,Assigned
Dawn of DC,Superman,Superman,Already present,,SER-00760,Dawn of DC,Assigned
Dawn of DC,Adventures of Superman: Jon Kent,Superman,Added,SER-01731,SER-01731,Dawn of DC,Assigned
Dawn of DC,Steelworks,Superman,Added,SER-01732,SER-01732,Dawn of DC,Assigned
Dawn of DC,Superboy: The Man of Tomorrow,Superman,Added,SER-01733,SER-01733,Dawn of DC,Assigned
Dawn of DC,Power Girl,Superman,Already present,,SER-00572,Dawn of DC,Assigned
Dawn of DC,Fire & Ice: Welcome to Smallville,Superman,Added,SER-01734,SER-01734,Dawn of DC,Assigned
Dawn of DC,Wonder Woman,Wonder Woman,Already present,,SER-00978,Dawn of DC,Assigned
Dawn of DC,Amazons Attack,Wonder Woman,Added,SER-01735,SER-01735,Dawn of DC,Assigned
Dawn of DC,Wonder Woman: Outlaw Edition,Wonder Woman,Added,SER-01736,SER-01736,Dawn of DC,Assigned
Dawn of DC,Sinister Sons,Green Lantern,Added,SER-01737,SER-01737,Dawn of DC,Assigned
Dawn of DC,Green Arrow,Green Arrow,Already present,,SER-00311,Dawn of DC,Assigned
Dawn of DC,Hawkgirl,Hawkgirl,Added,SER-01738,SER-01738,Dawn of DC,Assigned
Dawn of DC,Birds of Prey,Birds of Prey,Already present,,SER-00099,Dawn of DC,Assigned
Dawn of DC,Tales of the Titans,Robin / Teen Titans,Added,SER-01739,SER-01739,Dawn of DC,Assigned
Dawn of DC,Outsiders,The Outsiders,Already present,,SER-01873,Dawn of DC,Created exact-title authority
Dawn of DC,The Brave and the Bold,Batman,Already present,,SER-00484,Dawn of DC,Assigned
Dawn of DC,Batman: Gargoyle of Gotham,Batman,Already present,,SER-01023,Dawn of DC,Assigned
Dawn of DC,Batman: Off-World,Batman,Already present,,SER-01024,Dawn of DC,Assigned
Dawn of DC,Batman: City of Madness,Batman,Added,SER-01740,SER-01740,Dawn of DC,Assigned
Dawn of DC,Batman: The Adventures Continue Season Three,Batman,Added,SER-01741,SER-01741,Dawn of DC,Assigned
Dawn of DC,The Penguin,Batman,Added,SER-01742,SER-01742,Dawn of DC,Assigned
Dawn of DC,Gotham City: Year One,Batman,Added,SER-01743,SER-01743,Dawn of DC,Assigned
Dawn of DC,Gotham War,Batman,Added,SER-01744,SER-01744,Dawn of DC,Assigned
Dawn of DC,Batman/Catwoman: The Gotham War – Battle Lines,Batman,Added,SER-01745,SER-01745,Dawn of DC,Assigned
Dawn of DC,Batman/Catwoman: The Gotham War – Scorched Earth,Batman,Added,SER-01746,SER-01746,Dawn of DC,Assigned
Dawn of DC,Batman/Catwoman: The Gotham War: Red Hood,Batman,Added,SER-01747,SER-01747,Dawn of DC,Assigned
Dawn of DC,The Riddler: Year One,Batman,Added,SER-01748,SER-01748,Dawn of DC,Assigned
Dawn of DC,Joker: The Man Who Stopped Laughing,Batman,Added,SER-01749,SER-01749,Dawn of DC,Assigned
Dawn of DC,Peacemaker Tries Hard!,Peacemaker,Added,SER-01750,SER-01750,Dawn of DC,Assigned
Dawn of DC,Unstoppable Doom Patrol,Doom Patrol,Added,SER-01751,SER-01751,Dawn of DC,Assigned
Dawn of DC,Spirit World,DC Universe,Added,SER-01752,SER-01752,Dawn of DC,Assigned
Dawn of DC,City Boy,DC Universe,Added,SER-01753,SER-01753,Dawn of DC,Assigned
Dawn of DC,Knight Terrors,DC Universe,Added,SER-01754,SER-01754,Dawn of DC,Assigned
Dawn of DC,Knight Terrors: First Blood,DC Universe,Added,SER-01755,SER-01755,Dawn of DC,Assigned
Dawn of DC,Knight Terrors: Night's End,DC Universe,Added,SER-01756,SER-01756,Dawn of DC,Assigned
Dawn of DC,Knight Terrors: Action Comics,DC Universe,Added,SER-01757,SER-01757,Dawn of DC,Assigned
Dawn of DC,Knight Terrors: Angel Breaker,DC Universe,Added,SER-01758,SER-01758,Dawn of DC,Assigned
Dawn of DC,Knight Terrors: Batman,DC Universe,Added,SER-01759,SER-01759,Dawn of DC,Assigned
Dawn of DC,Knight Terrors: Black Adam,DC Universe,Added,SER-01760,SER-01760,Dawn of DC,Assigned
Dawn of DC,Knight Terrors: Catwoman,DC Universe,Added,SER-01761,SER-01761,Dawn of DC,Assigned
Dawn of DC,Knight Terrors: Detective Comics,DC Universe,Added,SER-01762,SER-01762,Dawn of DC,Assigned
Dawn of DC,Knight Terrors: Green Lantern,DC Universe,Added,SER-01763,SER-01763,Dawn of DC,Assigned
Dawn of DC,Knight Terrors: Harley Quinn,DC Universe,Added,SER-01764,SER-01764,Dawn of DC,Assigned
Dawn of DC,Knight Terrors: Nightwing,DC Universe,Added,SER-01765,SER-01765,Dawn of DC,Assigned
Dawn of DC,Knight Terrors: Poison Ivy,DC Universe,Added,SER-01766,SER-01766,Dawn of DC,Assigned
Dawn of DC,Knight Terrors: Punchline,DC Universe,Added,SER-01767,SER-01767,Dawn of DC,Assigned
Dawn of DC,Knight Terrors: Ravager,DC Universe,Added,SER-01768,SER-01768,Dawn of DC,Assigned
Dawn of DC,Knight Terrors: Robin,DC Universe,Added,SER-01769,SER-01769,Dawn of DC,Assigned
Dawn of DC,Knight Terrors: Shazam!,DC Universe,Added,SER-01770,SER-01770,Dawn of DC,Assigned
Dawn of DC,Knight Terrors: Superman,DC Universe,Added,SER-01771,SER-01771,Dawn of DC,Assigned
Dawn of DC,Knight Terrors: The Flash,DC Universe,Added,SER-01772,SER-01772,Dawn of DC,Assigned
Dawn of DC,Knight Terrors: The Joker,DC Universe,Added,SER-01773,SER-01773,Dawn of DC,Assigned
Dawn of DC,Knight Terrors: Titans,DC Universe,Added,SER-01774,SER-01774,Dawn of DC,Assigned
Dawn of DC,Knight Terrors: Wonder Woman,DC Universe,Added,SER-01775,SER-01775,Dawn of DC,Assigned
Dawn of DC,Knight Terrors: Zatanna,DC Universe,Added,SER-01776,SER-01776,Dawn of DC,Assigned
Dawn of DC,Titans: Beast World,Robin / Teen Titans,Already present,,SER-01060,Dawn of DC,Assigned
Dawn of DC,Titans: Beast World: Waller Rising,Robin / Teen Titans,Added,SER-01777,SER-01777,Dawn of DC,Assigned
Dawn of DC,Titans: Beast World Tour: Atlantis,Robin / Teen Titans,Added,SER-01778,SER-01778,Dawn of DC,Assigned
Dawn of DC,Titans: Beast World Tour: Central City,Robin / Teen Titans,Added,SER-01779,SER-01779,Dawn of DC,Assigned
Dawn of DC,Titans: Beast World Tour: Gotham,Robin / Teen Titans,Added,SER-01780,SER-01780,Dawn of DC,Assigned
Dawn of DC,Titans: Beast World Tour: Metropolis,Robin / Teen Titans,Added,SER-01781,SER-01781,Dawn of DC,Assigned
Dawn of DC,Titans: Beast World Tour: Star City,Robin / Teen Titans,Added,SER-01782,SER-01782,Dawn of DC,Assigned
Dawn of DC,Superman: House of Brainiac Special,Superman,Added,SER-01783,SER-01783,Dawn of DC,Assigned
Dawn of DC,Suicide Squad: Dream Team,DC Universe,Added,SER-01784,SER-01784,Dawn of DC,Assigned
Dawn of DC,Absolute Power,DC Universe,Added,SER-01785,SER-01785,Dawn of DC,Assigned
Dawn of DC,Absolute Power: Ground Zero,DC Universe,Added,SER-01786,SER-01786,Dawn of DC,Assigned
Dawn of DC,Absolute Power: Origins,DC Universe,Added,SER-01787,SER-01787,Dawn of DC,Assigned
Dawn of DC,Absolute Power: Super Son,DC Universe,Added,SER-01788,SER-01788,Dawn of DC,Assigned
Dawn of DC,Absolute Power: Task Force VII,DC Universe,Added,SER-01789,SER-01789,Dawn of DC,Assigned
Dawn of DC,Waller vs. Wildstorm,DC Universe,Added,SER-01790,SER-01790,Dawn of DC,Assigned
Dawn of DC,The Sandman Universe: Nightmare Country,DC Universe,Added,SER-01791,SER-01791,Dawn of DC,Assigned
Dawn of DC,The Sandman Universe: Nightmare Country – The Glass House,DC Universe,Added,SER-01792,SER-01792,Dawn of DC,Assigned
Dawn of DC,Wesley Dodds: The Sandman,DC Universe,Added,SER-01793,SER-01793,Dawn of DC,Assigned
Dawn of DC,Jay Garrick: The Flash,DC Universe,Added,SER-01794,SER-01794,Dawn of DC,Assigned
Dawn of DC,Alan Scott: The Green Lantern,DC Universe,Added,SER-01795,SER-01795,Dawn of DC,Assigned
Dawn of DC,Speed Force,DC Universe,Added,SER-01796,SER-01796,Dawn of DC,Assigned
Dawn of DC,The Flash: One-Minute War Special,DC Universe,Added,SER-01797,SER-01797,Dawn of DC,Assigned
Dawn of DC,Batman/Santa Claus: Silent Knight,DC Universe,Added,SER-01798,SER-01798,Dawn of DC,Assigned
Dawn of DC,Batman/Santa Claus: Silent Knight Returns,DC Universe,Added,SER-01799,SER-01799,Dawn of DC,Assigned
Dawn of DC,Batman/Dylan Dog,DC Universe,Added,SER-01800,SER-01800,Dawn of DC,Assigned
Dawn of DC,Justice League vs. Godzilla vs. Kong,DC Universe,Added,SER-01801,SER-01801,Dawn of DC,Assigned
Dawn of DC,Justice League vs. Godzilla vs. Kong 2,DC Universe,Added,SER-01802,SER-01802,Dawn of DC,Assigned
Dawn of DC,Kneel Before Zod,DC Universe,Added,SER-01803,SER-01803,Dawn of DC,Assigned
Dawn of DC,The Boy Wonder,DC Universe,Added,SER-01804,SER-01804,Dawn of DC,Assigned
Dawn of DC,"John Constantine, Hellblazer: Dead in America",DC Universe,Added,SER-01805,SER-01805,Dawn of DC,Assigned
Dawn of DC,The Nice House by the Sea,DC Universe,Already present,,SER-01070,Dawn of DC,Assigned
Dawn of DC,Plastic Man No More!,DC Universe,Added,SER-01806,SER-01806,Dawn of DC,Assigned
DC All In,DC All In Special,DC Universe,Added,SER-01807,SER-01807,DC All In,Assigned
DC All In,Justice League Unlimited,Justice League,Added,SER-01808,SER-01808,DC All In,Assigned
DC All In,JSA,Justice Society of America,Already present,,SER-00423,DC All In,Assigned
DC All In,Batman,Batman,Already present,,SER-00074,DC All In,Assigned
DC All In,Batgirl,Batman,Already present,,SER-00069,DC All In,Assigned
DC All In,Batwoman,Batman,Already present,,SER-00090,DC All In,Assigned
DC All In,Batman and Robin: Year One,Batman,Added,SER-01809,SER-01809,DC All In,Assigned
DC All In,Batman: Dark Patterns,Batman,Added,SER-01810,SER-01810,DC All In,Assigned
DC All In,Batman: Full Moon,Batman,Added,SER-01811,SER-01811,DC All In,Assigned
DC All In,Batman: The Long Halloween – The Last Halloween,Batman,Added,SER-01812,SER-01812,DC All In,Assigned
DC All In,Batman: Resurrection,Batman,Added,SER-01813,SER-01813,DC All In,Assigned
DC All In,Batman: The Last Halloween,Batman,Added,SER-01814,SER-01814,DC All In,Assigned
DC All In,Batman '89: Echoes,Batman,Added,SER-01815,SER-01815,DC All In,Assigned
DC All In,From the DC Vault: Death in the Family: Robin Lives!,Batman,Added,SER-01816,SER-01816,DC All In,Assigned
DC All In,Gotham by Gaslight: The Kryptonian Age,Batman,Added,SER-01817,SER-01817,DC All In,Assigned
DC All In,Two-Face,Batman,Added,SER-01818,SER-01818,DC All In,Assigned
DC All In,The Question: All Along the Watchtower,Batman,Added,SER-01819,SER-01819,DC All In,Assigned
DC All In,Catwoman,Catwoman,Already present,,SER-00153,DC All In,Assigned
DC All In,Deathstroke the Terminator,Deathstroke,Already present,,SER-00201,DC All In,Assigned
DC All In,Superman Unlimited,Superman,Added,SER-01820,SER-01820,DC All In,Assigned
DC All In,Supergirl,Superman,Already present,,SER-00753,DC All In,Assigned
DC All In,Supergirl: Woman of Tomorrow,Superman,Added,SER-01821,SER-01821,DC All In,Assigned
DC All In,Supergirl: Survive,Superman,Added,SER-01822,SER-01822,DC All In,Assigned
DC All In,Superman: Father of Tomorrow,Superman,Added,SER-01823,SER-01823,DC All In,Assigned
DC All In,Adventures of Superman: Book of El,Superman,Added,SER-01824,SER-01824,DC All In,Assigned
DC All In,Krypto: The Last Dog of Krypton,Superman,Added,SER-01825,SER-01825,DC All In,Assigned
DC All In,Trinity: Daughter of Wonder Woman,Wonder Woman,Added,SER-01826,SER-01826,DC All In,Assigned
DC All In,Green Lantern Dark,Green Lantern,Added,SER-01827,SER-01827,DC All In,Assigned
DC All In,Aquaman,Aquaman,Already present,,SER-00046,DC All In,Assigned
DC All In,Emperor Aquaman,Aquaman,Added,SER-01828,SER-01828,DC All In,Assigned
DC All In,Metamorpho: The Element Man,Metamorpho,Added,SER-01829,SER-01829,DC All In,Assigned
DC All In,Zatanna,Zatanna,Already present,,SER-01009,DC All In,Assigned
DC All In,Zatanna: Bring Down the House,Zatanna,Added,SER-01830,SER-01830,DC All In,Assigned
DC All In,Black Canary: Best of the Best,Black Canary,Added,SER-01831,SER-01831,DC All In,Assigned
DC All In,The Fury of Firestorm,Firestorm,Already present,,SER-01874,DC All In,Created exact-title authority
DC All In,Challengers of the Unknown,DC Universe,Already present,,SER-00156,DC All In,Assigned
DC All In,The New Gods,DC Universe,Already present,,SER-01875,DC All In,Created exact-title authority
DC All In,The Power Company: Recharged,DC Universe,Added,SER-01832,SER-01832,DC All In,Assigned
DC All In,The Deadman,DC Universe,Added,SER-01833,SER-01833,DC All In,Assigned
DC All In,Clayface: Celebrity Dirt,DC Universe,Added,SER-01834,SER-01834,DC All In,Assigned
DC All In,Bizarro: Year None,DC Universe,Added,SER-01835,SER-01835,DC All In,Assigned
DC All In,Gotham Academy: First Year,DC Universe,Added,SER-01836,SER-01836,DC All In,Assigned
DC All In,Dark Knights of Steel II,DC Universe,Added,SER-01837,SER-01837,DC All In,Assigned
DC All In,Barbara Gordon: Breakout,Batgirl,Added,SER-01838,SER-01838,DC All In,Assigned
DC All In,New Titans,Robin / Teen Titans,Added,SER-01839,SER-01839,DC All In,Assigned
DC All In,DC Horror Presents,DC Universe,Added,SER-01840,SER-01840,DC All In,Assigned
DC All In,DC Horror Presents: Creature Commandos,DC Universe,Added,SER-01841,SER-01841,DC All In,Assigned
DC All In,DC vs. Vampires: World War V,DC Universe,Added,SER-01842,SER-01842,DC All In,Assigned
DC All In,DC K.O.,DC Universe,Added,SER-01843,SER-01843,DC All In,Assigned
DC All In,DC K.O.: Knightfight,DC Universe,Added,SER-01844,SER-01844,DC All In,Assigned
DC All In,DC K.O.: Superman vs. Captain Atom,DC Universe,Added,SER-01845,SER-01845,DC All In,Assigned
DC All In,DC K.O.: Red Hood vs. Joker,DC Universe,Added,SER-01846,SER-01846,DC All In,Assigned
DC All In,DC K.O.: Harley Quinn vs. Zatanna,DC Universe,Added,SER-01847,SER-01847,DC All In,Assigned
DC All In,The New History of the DC Universe,DC Universe,Added,SER-01848,SER-01848,DC All In,Assigned
DC All In,Resurrection Man: Quantum Karma,DC Universe,Added,SER-01849,SER-01849,DC All In,Assigned
DC All In,Mr. Terrific: Year One,DC Universe,Added,SER-01850,SER-01850,DC All In,Assigned
DC All In,Immortal Legend Batman,DC Universe,Added,SER-01851,SER-01851,DC All In,Assigned
DC All In,Batman: Gotham by Gaslight – A League for Justice,DC Universe,Added,SER-01852,SER-01852,DC All In,Assigned
DC All In,Batman/Green Arrow/The Question: Arcadia,DC Universe,Added,SER-01853,SER-01853,DC All In,Assigned
DC All In,Cheetah and Cheshire Rob the Justice League,DC Universe,Added,SER-01854,SER-01854,DC All In,Assigned
DC All In,Red Hood,DC Universe,Added,SER-01855,SER-01855,DC All In,Assigned
DC All In,Harley and Ivy: Life and Crimes,DC Universe,Added,SER-01856,SER-01856,DC All In,Assigned
Absolute Universe,Absolute Batman,Absolute Universe (2024 relaunch),Already present,,SER-00004,Absolute Universe,Assigned
Absolute Universe,Absolute Superman,Absolute Universe (2024 relaunch),Already present,,SER-00005,Absolute Universe,Assigned
Absolute Universe,Absolute Wonder Woman,Absolute Universe (2024 relaunch),Already present,,SER-00006,Absolute Universe,Assigned
Absolute Universe,Absolute Flash,Absolute Universe (2024 relaunch),Added,SER-01857,SER-01857,Absolute Universe,Assigned
Absolute Universe,Absolute Green Lantern,Absolute Universe (2024 relaunch),Added,SER-01858,SER-01858,Absolute Universe,Assigned
Absolute Universe,Absolute Martian Manhunter,Absolute Universe (2024 relaunch),Added,SER-01859,SER-01859,Absolute Universe,Assigned
Absolute Universe,Absolute Evil,Absolute Universe (2024 relaunch),Added,SER-01860,SER-01860,Absolute Universe,Assigned
Absolute Universe,Absolute Catwoman,Absolute Universe (2024 relaunch),Added,SER-01861,SER-01861,Absolute Universe,Assigned
Absolute Universe,Absolute Green Arrow,Absolute Universe (2024 relaunch),Added,SER-01862,SER-01862,Absolute Universe,Assigned
Current / Vertigo,100 Bullets: The US of Anger,100 Bullets,Added,SER-01863,,,Not an era (left blank)
Current / Vertigo,Bleeding Hearts,Vertigo / Black Label,Added,SER-01864,,,Not an era (left blank)
Current / Vertigo,End of Life,Vertigo / Black Label,Added,SER-01865,,,Not an era (left blank)
Current / Licensed,DC x Sonic the Hedgehog,DC Universe,Added,SER-01866,,,Not an era (left blank)
Current / Licensed,DC x Sonic the Hedgehog: The Metal Legion,DC Universe,Added,SER-01867,,,Not an era (left blank)
