"Cover title","Type","Parent authority","Marker type","Marker","Start year","End year","Coverage status","Authority ID"
"A+X","Series","Avengers","era","Marvel NOW!","2012","2014","Covered","SER-01879"
"All-New X-Men","Series","X-Men","era","Marvel NOW!","2012","2015","Covered","SER-00992"
"Avengers","Series","Avengers","era","Marvel NOW!","2012","2015","Covered","SER-01880"
"Avengers Arena","Series","Avengers","era","Marvel NOW!","2012","2013","Covered","SER-01095"
"Avengers Assemble","Series","Avengers","era","Marvel NOW!","2012","2014","Covered","SER-01881"
"Avengers World","Series","Avengers","era","Marvel NOW!","2014","2015","Covered","SER-01882"
"Avengers A.I.","Series","Avengers","era","Marvel NOW!","2013","2014","Covered","SER-01096"
"Cable and X-Force","Series","Cable","era","Marvel NOW!","2012","2014","Covered","SER-01883"
"Captain America","Series","Captain America","era","Marvel NOW!","2012","2014","Covered","SER-01884"
"Captain Marvel","Series","Captain Marvel (Carol Danvers)","era","Marvel NOW!","2012","2013","Covered","SER-01885"
"Deadpool","Series","Deadpool","era","Marvel NOW!","2012","2015","Covered","SER-01886"
"Fearless Defenders","Series","Defenders","era","Marvel NOW!","2013","2014","Covered","SER-01887"
"Fantastic Four","Series","Fantastic Four","era","Marvel NOW!","2012","2014","Covered","SER-01888"
"FF","Series","Fantastic Four","era","Marvel NOW!","2012","2014","Covered","SER-01889"
"Guardians of the Galaxy","Series","Guardians of the Galaxy","era","Marvel NOW!","2013","2015","Covered","SER-01890"
"Indestructible Hulk","Series","Hulk","era","Marvel NOW!","2012","2014","Covered","SER-00359"
"Iron Man","Series","Iron Man","era","Marvel NOW!","2012","2014","Covered","SER-01891"
"Morbius: The Living Vampire","Series","Morbius","era","Marvel NOW!","2013","2013","Covered","SER-00516"
"New Avengers","Series","Avengers","era","Marvel NOW!","2013","2015","Covered","SER-00060"
"Nova","Series","Nova","era","Marvel NOW!","2013","2015","Covered","SER-01892"
"Savage Wolverine","Series","Wolverine","era","Marvel NOW!","2013","2015","Covered","SER-01893"
"Secret Avengers","Series","Avengers","era","Marvel NOW!","2013","2014","Covered","SER-01092"
"Superior Spider-Man","Series","Spider-Man","era","Marvel NOW!","2013","2014","Covered","SER-01894"
"Superior Spider-Man Team-Up","Series","Spider-Man","era","Marvel NOW!","2013","2014","Covered","SER-01895"
"The Superior Foes of Spider-Man","Series","Spider-Man","era","Marvel NOW!","2013","2014","Covered","SER-01896"
"Thor: God of Thunder","Series","Thor","era","Marvel NOW!","2012","2014","Covered","SER-01897"
"Thunderbolts","Series","Thunderbolts","era","Marvel NOW!","2012","2014","Covered","CHR-00457"
"Uncanny Avengers","Series","Avengers","era","Marvel NOW!","2012","2014","Covered","SER-01093"
"Uncanny X-Force","Series","X-Men","era","Marvel NOW!","2013","2014","Covered","SER-01898"
"Uncanny X-Men","Series","X-Men","era","Marvel NOW!","2013","2015","Covered","SER-01899"
"Wolverine","Series","Wolverine","era","Marvel NOW!","2013","2014","Covered","SER-01900"
"Wolverine and the X-Men","Series","X-Men","era","Marvel NOW!","2011","2014","Covered","SER-01085"
"X-Men","Series","X-Men","era","Marvel NOW!","2013","2015","Covered","SER-01901"
"X-Men Legacy","Series","X-Men","era","Marvel NOW!","2012","2014","Covered","SER-01902"
"Young Avengers","Series","Young Avengers","era","Marvel NOW!","2013","2014","Covered","SER-01903"
"Alpha: Big Time","Series","Spider-Man","era","Marvel NOW!","2013","2013","Covered","SER-01904"
"Superior Carnage","Series","Carnage","era","Marvel NOW!","2013","2013","Covered","SER-01905"
"Thanos Rising","Series","Thanos","era","Marvel NOW!","2013","2013","Covered","SER-01906"
"All-New Ghost Rider","Series","Ghost Rider","era","All-New Marvel NOW!","2014","2015","Covered","SER-01907"
"All-New Invaders","Series","Avengers","era","All-New Marvel NOW!","2014","2015","Covered","SER-01908"
"All-New X-Factor","Series","X-Men","era","All-New Marvel NOW!","2014","2015","Covered","SER-01909"
"All-New Ultimates","Series","Ultimate Universe","era","All-New Marvel NOW!","2014","2015","Covered","SER-01910"
"Amazing X-Men","Series","X-Men","era","All-New Marvel NOW!","2013","2015","Covered","SER-01911"
"Amazing Spider-Man","Series","Spider-Man","era","All-New Marvel NOW!","2014","2015","Covered","SER-01912"
"Avengers Undercover","Series","Avengers","era","All-New Marvel NOW!","2014","2014","Covered","SER-01913"
"Black Widow","Series","Black Widow","era","All-New Marvel NOW!","2014","2015","Covered","SER-01914"
"Captain Marvel","Series","Captain Marvel (Carol Danvers)","era","All-New Marvel NOW!","2014","2015","Covered","SER-01915"
"Cyclops","Series","Cyclops","era","All-New Marvel NOW!","2014","2015","Covered","SER-01916"
"Daredevil","Series","Daredevil","era","All-New Marvel NOW!","2014","2015","Covered","SER-01917"
"Deathlok","Series","Deathlok","era","All-New Marvel NOW!","2014","2015","Covered","SER-01918"
"Elektra","Series","Elektra","era","All-New Marvel NOW!","2014","2015","Covered","SER-01919"
"Fantastic Four","Series","Fantastic Four","era","All-New Marvel NOW!","2014","2015","Covered","SER-01920"
"Ghost Rider","Series","Ghost Rider","era","All-New Marvel NOW!","2014","2015","Covered","SER-01921"
"Hulk","Series","Hulk","era","All-New Marvel NOW!","2014","2015","Covered","SER-01922"
"Inhuman","Series","Inhumans","era","All-New Marvel NOW!","2014","2015","Covered","SER-01923"
"Iron Fist: The Living Weapon","Series","Iron Fist","era","All-New Marvel NOW!","2014","2015","Covered","SER-01924"
"Legendary Star-Lord","Series","Star-Lord","era","All-New Marvel NOW!","2014","2015","Covered","SER-01925"
"Loki: Agent of Asgard","Series","Thor","era","All-New Marvel NOW!","2014","2015","Covered","SER-01926"
"Magneto","Series","Magneto","era","All-New Marvel NOW!","2014","2015","Covered","SER-01927"
"Miles Morales: Ultimate Spider-Man","Series","Miles Morales","era","All-New Marvel NOW!","2014","2015","Covered","SER-01928"
"Moon Knight","Series","Moon Knight","era","All-New Marvel NOW!","2014","2015","Covered","SER-01929"
"Ms. Marvel","Series","Ms. Marvel (Kamala Khan)","era","All-New Marvel NOW!","2014","2015","Covered","SER-01930"
"New Warriors","Series","New Warriors","era","All-New Marvel NOW!","2014","2015","Covered","EVT-00011"
"Nightcrawler","Series","Nightcrawler","era","All-New Marvel NOW!","2014","2015","Covered","SER-01931"
"Punisher","Series","Punisher","era","All-New Marvel NOW!","2014","2015","Covered","SER-01932"
"Rocket Raccoon","Series","Rocket Raccoon","era","All-New Marvel NOW!","2014","2015","Covered","SER-01933"
"Secret Avengers","Series","Avengers","era","All-New Marvel NOW!","2014","2015","Covered","SER-01934"
"She-Hulk","Series","She-Hulk","era","All-New Marvel NOW!","2014","2015","Covered","CHR-00363"
"Silver Surfer","Series","Silver Surfer","era","All-New Marvel NOW!","2014","2015","Covered","SER-01935"
"Spider-Man 2099","Series","Spider-Man 2099","era","All-New Marvel NOW!","2014","2015","Covered","SER-01936"
"Spider-Woman","Series","Spider-Woman (Jessica Drew)","era","All-New Marvel NOW!","2014","2015","Covered","SER-00707"
"Storm","Series","Storm","era","All-New Marvel NOW!","2014","2015","Covered","SER-01937"
"Thor","Series","Thor","era","All-New Marvel NOW!","2014","2015","Covered","SER-01938"
"Uncanny Avengers","Series","Avengers","era","All-New Marvel NOW!","2015","2015","Covered","SER-01939"
"Wolverines","Series","Wolverine","era","All-New Marvel NOW!","2015","2015","Covered","SER-01940"
"All-New Doop","Series","X-Men","era","All-New Marvel NOW!","2014","2014","Covered","SER-01941"
"Deadly Hands of Kung-Fu","Series","Shang-Chi","era","All-New Marvel NOW!","2014","2014","Covered","SER-01942"
"Winter Soldier: The Bitter March","Series","Winter Soldier","era","All-New Marvel NOW!","2014","2014","Covered","SER-01943"
"All-New Captain America","Series","Captain America","era","All-New Marvel NOW!","2014","2015","Covered","SER-01944"
"Angela: Asgard's Assassin","Series","Thor","era","All-New Marvel NOW!","2014","2015","Covered","SER-01945"
"Ant-Man","Series","Ant-Man / Giant-Man","era","All-New Marvel NOW!","2015","2015","Covered","SER-00043"
"Bucky Barnes: The Winter Soldier","Series","Winter Soldier","era","All-New Marvel NOW!","2014","2015","Covered","SER-01946"
"Captain America and the Mighty Avengers","Series","Avengers","era","All-New Marvel NOW!","2014","2015","Covered","SER-01947"
"Death of Wolverine: The Logan Legacy","Series","Death of Wolverine","era","All-New Marvel NOW!","2014","2014","Covered","SER-01948"
"Death of Wolverine: The Weapon X Program","Series","Death of Wolverine","era","All-New Marvel NOW!","2014","2015","Covered","SER-01949"
"Operation S.I.N.","Series","S.H.I.E.L.D.","era","All-New Marvel NOW!","2015","2015","Covered","SER-01950"
"S.H.I.E.L.D.","Series","S.H.I.E.L.D.","era","All-New Marvel NOW!","2014","2015","Covered","SER-01951"
"Silk","Series","Silk","era","All-New Marvel NOW!","2015","2015","Covered","SER-01952"
"Spider-Gwen","Series","Spider-Gwen / Ghost-Spider","era","All-New Marvel NOW!","2015","2015","Covered","SER-00695"
"Unbeatable Squirrel Girl","Series","Squirrel Girl","era","All-New Marvel NOW!","2015","2015","Covered","SER-01953"
"Uncanny Inhumans","Series","Inhumans","era","All-New Marvel NOW!","2015","2015","Covered","SER-01954"
"A-Force","Series","Avengers","era","All-New, All-Different Marvel","2016","2016","Covered","SER-01955"
"Agents of S.H.I.E.L.D.","Series","S.H.I.E.L.D.","era","All-New, All-Different Marvel","2016","2016","Covered","SER-01956"
"All-New, All-Different Avengers","Series","Avengers","era","All-New, All-Different Marvel","2015","2016","Covered","SER-01957"
"All-New Hawkeye","Series","Hawkeye","era","All-New, All-Different Marvel","2015","2016","Covered","SER-01958"
"All-New Inhumans","Series","Inhumans","era","All-New, All-Different Marvel","2015","2016","Covered","SER-01959"
"All-New Wolverine","Series","X-23 / Wolverine (Laura Kinney)","era","All-New, All-Different Marvel","2015","2018","Covered","SER-00988"
"All-New X-Men","Series","X-Men","era","All-New, All-Different Marvel","2015","2017","Covered","SER-01960"
"Amazing Spider-Man","Series","Spider-Man","era","All-New, All-Different Marvel","2015","2017","Covered","SER-01961"
"Angela: Queen of Hel","Series","Thor","era","All-New, All-Different Marvel","2015","2016","Covered","SER-01962"
"Astonishing Ant-Man","Series","Ant-Man / Giant-Man","era","All-New, All-Different Marvel","2015","2016","Covered","SER-01963"
"Black Knight","Series","Avengers","era","All-New, All-Different Marvel","2015","2016","Covered","SER-01964"
"Black Panther","Series","Black Panther","era","All-New, All-Different Marvel","2016","2017","Covered","SER-01965"
"Black Widow","Series","Black Widow","era","All-New, All-Different Marvel","2016","2017","Covered","SER-01966"
"Captain America: Sam Wilson","Series","Falcon","era","All-New, All-Different Marvel","2015","2017","Covered","SER-01967"
"Captain America: Steve Rogers","Series","Captain America","era","All-New, All-Different Marvel","2016","2017","Covered","SER-01968"
"Captain Marvel","Series","Captain Marvel (Carol Danvers)","era","All-New, All-Different Marvel","2016","2017","Covered","SER-01969"
"Carnage","Series","Carnage","era","All-New, All-Different Marvel","2015","2017","Covered","SER-01970"
"Contest of Champions","Series","Contest of Champions","era","All-New, All-Different Marvel","2015","2017","Covered","EVT-00034"
"Daredevil","Series","Daredevil","era","All-New, All-Different Marvel","2015","2017","Covered","SER-01971"
"Deadpool","Series","Deadpool","era","All-New, All-Different Marvel","2015","2017","Covered","SER-01972"
"Doctor Strange","Series","Doctor Strange","era","All-New, All-Different Marvel","2015","2017","Covered","SER-01973"
"Doctor Strange and the Sorcerers Supreme","Series","Doctor Strange","era","All-New, All-Different Marvel","2016","2017","Covered","SER-01974"
"Extraordinary X-Men","Series","X-Men","era","All-New, All-Different Marvel","2015","2017","Covered","SER-01975"
"Guardians of the Galaxy","Series","Guardians of the Galaxy","era","All-New, All-Different Marvel","2015","2017","Covered","SER-01976"
"Hawkeye","Series","Hawkeye","era","All-New, All-Different Marvel","2016","2017","Covered","SER-01977"
"Hercules","Series","Hercules","era","All-New, All-Different Marvel","2015","2016","Covered","SER-01978"
"Howard the Duck","Series","Howard the Duck","era","All-New, All-Different Marvel","2015","2016","Covered","SER-01979"
"Hyperion","Series","Avengers","era","All-New, All-Different Marvel","2016","2016","Covered","SER-01980"
"Illuminati","Series","Illuminati","era","All-New, All-Different Marvel","2015","2016","Covered","CHR-00193"
"Invincible Iron Man","Series","Iron Man","era","All-New, All-Different Marvel","2015","2016","Covered","SER-00388"
"Karnak","Series","Inhumans","era","All-New, All-Different Marvel","2015","2017","Covered","SER-01981"
"Mighty Thor","Series","Thor","era","All-New, All-Different Marvel","2015","2018","Covered","SER-01982"
"Mockingbird","Series","Mockingbird","era","All-New, All-Different Marvel","2016","2016","Covered","SER-01983"
"Moon Girl and Devil Dinosaur","Series","Marvel Universe","era","All-New, All-Different Marvel","2015","2019","Covered","SER-01108"
"Moon Knight","Series","Moon Knight","era","All-New, All-Different Marvel","2016","2017","Covered","SER-01984"
"Ms. Marvel","Series","Ms. Marvel (Kamala Khan)","era","All-New, All-Different Marvel","2015","2019","Covered","SER-01985"
"New Avengers","Series","Avengers","era","All-New, All-Different Marvel","2015","2017","Covered","SER-01986"
"Nighthawk","Series","Avengers","era","All-New, All-Different Marvel","2016","2016","Covered","SER-01987"
"Nova","Series","Nova","era","All-New, All-Different Marvel","2015","2016","Covered","SER-01988"
"Old Man Logan","Series","Old Man Logan","era","All-New, All-Different Marvel","2016","2018","Covered","SER-01989"
"Patsy Walker, A.K.A. Hellcat!","Series","Marvel Universe","era","All-New, All-Different Marvel","2015","2017","Covered","SER-01990"
"Power Man and Iron Fist","Series","Heroes for Hire","era","All-New, All-Different Marvel","2016","2017","Covered","SER-00451"
"Punisher","Series","Punisher","era","All-New, All-Different Marvel","2016","2017","Covered","SER-01991"
"Red Wolf","Series","Avengers","era","All-New, All-Different Marvel","2015","2016","Covered","SER-01992"
"Rocket Raccoon and Groot","Series","Rocket Raccoon","era","All-New, All-Different Marvel","2016","2016","Covered","SER-01993"
"Scarlet Witch","Series","Vision & Scarlet Witch","era","All-New, All-Different Marvel","2015","2017","Covered","SER-00931"
"Silk","Series","Silk","era","All-New, All-Different Marvel","2015","2017","Covered","SER-01994"
"Silver Surfer","Series","Silver Surfer","era","All-New, All-Different Marvel","2016","2017","Covered","SER-01995"
"Spider-Gwen","Series","Spider-Gwen / Ghost-Spider","era","All-New, All-Different Marvel","2015","2018","Covered","SER-01996"
"Spider-Man","Series","Miles Morales","era","All-New, All-Different Marvel","2016","2017","Covered","SER-01997"
"Spider-Man 2099","Series","Spider-Man 2099","era","All-New, All-Different Marvel","2015","2017","Covered","SER-01998"
"Spider-Man/Deadpool","Series","Spider-Man","era","All-New, All-Different Marvel","2016","2019","Covered","SER-01999"
"Spider-Woman","Series","Spider-Woman (Jessica Drew)","era","All-New, All-Different Marvel","2015","2017","Covered","SER-02000"
"Squadron Supreme","Series","Avengers","era","All-New, All-Different Marvel","2015","2017","Covered","SER-02001"
"Totally Awesome Hulk","Series","Hulk","era","All-New, All-Different Marvel","2015","2017","Covered","SER-02002"
"Ultimates","Series","Ultimates","era","All-New, All-Different Marvel","2015","2016","Covered","CHR-00469"
"Ultimates 2","Series","Ultimates","era","All-New, All-Different Marvel","2016","2017","Covered","SER-02003"
"Unbeatable Squirrel Girl","Series","Squirrel Girl","era","All-New, All-Different Marvel","2015","2019","Covered","SER-02004"
"Uncanny Avengers","Series","Avengers","era","All-New, All-Different Marvel","2015","2017","Covered","SER-02005"
"Uncanny Inhumans","Series","Inhumans","era","All-New, All-Different Marvel","2015","2017","Covered","SER-02006"
"Uncanny X-Men","Series","X-Men","era","All-New, All-Different Marvel","2016","2017","Covered","SER-02007"
"Venom: Space Knight","Series","Venom","era","All-New, All-Different Marvel","2015","2016","Covered","SER-02008"
"Vision","Series","Vision & Scarlet Witch","era","All-New, All-Different Marvel","2015","2016","Covered","SER-02009"
"Vote Loki","Series","Thor","era","All-New, All-Different Marvel","2016","2016","Covered","SER-02010"
"Web Warriors","Series","Spider-Verse","era","All-New, All-Different Marvel","2015","2016","Covered","SER-02011"
"Agents of Atlas","Series","Marvel Universe","era","All-New, All-Different Marvel","2016","2016","Covered","SER-01106"
"Civil War II: Choosing Sides","Series","Civil War","era","All-New, All-Different Marvel","2016","2016","Covered","SER-02012"
"Civil War II: Gods of War","Series","Civil War","era","All-New, All-Different Marvel","2016","2016","Covered","SER-02013"
"Civil War II: Kingpin","Series","Civil War","era","All-New, All-Different Marvel","2016","2016","Covered","SER-02014"
"Civil War II: Ulysses","Series","Civil War","era","All-New, All-Different Marvel","2016","2016","Covered","SER-02015"
"Death of X","Series","X-Men","era","All-New, All-Different Marvel","2016","2016","Covered","SER-02016"
"Inhumans vs. X-Men","Series","X-Men","era","All-New, All-Different Marvel","2016","2017","Covered","SER-02017"
"Monsters Unleashed","Series","Marvel Universe","era","All-New, All-Different Marvel","2017","2017","Covered","SER-02018"
"All-New Guardians of the Galaxy","Series","Guardians of the Galaxy","era","Marvel NOW! 2.0","2017","2017","Covered","SER-02019"
"Amazing Spider-Man: Renew Your Vows","Series","Spider-Man","era","Marvel NOW! 2.0","2016","2018","Covered","SER-02020"
"America","Series","Miss America","era","Marvel NOW! 2.0","2017","2018","Covered","SER-02021"
"Astonishing X-Men","Series","X-Men","era","Marvel NOW! 2.0","2017","2018","Covered","SER-00993"
"Avengers","Series","Avengers","era","Marvel NOW! 2.0","2016","2017","Covered","SER-02022"
"Ben Reilly: Scarlet Spider","Series","Scarlet Spider (Ben Reilly)","era","Marvel NOW! 2.0","2017","2018","Covered","SER-02023"
"Black Bolt","Series","Inhumans","era","Marvel NOW! 2.0","2017","2018","Covered","SER-01110"
"Black Panther and the Crew","Series","Black Panther","era","Marvel NOW! 2.0","2017","2017","Covered","SER-02024"
"Black Panther: World of Wakanda","Series","Black Panther","era","Marvel NOW! 2.0","2016","2017","Covered","SER-02025"
"Cable","Series","Cable","era","Marvel NOW! 2.0","2017","2018","Covered","SER-02026"
"Champions","Series","Champions","era","Marvel NOW! 2.0","2016","2018","Covered","SER-02027"
"Defenders","Series","Defenders","era","Marvel NOW! 2.0","2017","2018","Covered","TEM-00005"
"Doctor Strange","Series","Doctor Strange","era","Marvel NOW! 2.0","2017","2018","Covered","SER-02028"
"Falcon","Series","Falcon","era","Marvel NOW! 2.0","2017","2018","Covered","SER-02029"
"Generation X","Series","Generation X","era","Marvel NOW! 2.0","2017","2018","Covered","SER-02030"
"Generations","Series","Marvel Universe","era","Marvel NOW! 2.0","2017","2017","Covered","SER-02031"
"Guardians of the Galaxy: Mother Entropy","Series","Guardians of the Galaxy","era","Marvel NOW! 2.0","2017","2017","Covered","SER-02032"
"Hawkeye","Series","Hawkeye","era","Marvel NOW! 2.0","2016","2018","Covered","SER-02033"
"Iceman","Series","X-Men","era","Marvel NOW! 2.0","2017","2018","Covered","SER-02034"
"Infamous Iron Man","Series","Iron Man","era","Marvel NOW! 2.0","2016","2017","Covered","SER-02035"
"Inhumans Prime","Series","Inhumans","era","Marvel NOW! 2.0","2017","2017","Covered","SER-02036"
"Inhumans: Once and Future Kings","Series","Inhumans","era","Marvel NOW! 2.0","2017","2017","Covered","SER-02037"
"Invincible Iron Man","Series","Iron Man","era","Marvel NOW! 2.0","2016","2017","Covered","SER-02038"
"Iron Fist","Series","Iron Fist","era","Marvel NOW! 2.0","2017","2018","Covered","SER-02039"
"Jean Grey","Series","Jean Grey / Phoenix","era","Marvel NOW! 2.0","2017","2018","Covered","SER-00393"
"Jessica Jones","Series","Marvel Universe","era","Marvel NOW! 2.0","2016","2018","Covered","SER-02040"
"Kingpin","Series","Daredevil","era","Marvel NOW! 2.0","2017","2017","Covered","SER-02041"
"Marvel's Thor: Ragnarok Prelude","Series","Thor","era","Marvel NOW! 2.0","2017","2017","Covered","SER-02042"
"Mighty Captain Marvel","Series","Captain Marvel (Carol Danvers)","era","Marvel NOW! 2.0","2017","2018","Covered","SER-02043"
"Monsters Unleashed","Series","Marvel Universe","era","Marvel NOW! 2.0","2017","2018","Covered","SER-02044"
"Moon Girl and Devil Dinosaur","Series","Marvel Universe","era","Marvel NOW! 2.0","2016","2018","Covered","SER-02045"
"Mosaic","Series","Inhumans","era","Marvel NOW! 2.0","2016","2017","Covered","SER-02046"
"Nick Fury","Series","Nick Fury","era","Marvel NOW! 2.0","2017","2017","Covered","CHR-00275"
"Nova","Series","Nova","era","Marvel NOW! 2.0","2016","2017","Covered","SER-02047"
"Occupy Avengers","Series","Avengers","era","Marvel NOW! 2.0","2016","2017","Covered","SER-02048"
"Old Man Hawkeye","Series","Hawkeye","era","Marvel NOW! 2.0","2018","2018","Covered","SER-02049"
"Old Man Logan","Series","Old Man Logan","era","Marvel NOW! 2.0","2016","2018","Covered","SER-02050"
"Prowler","Series","Spider-Man","era","Marvel NOW! 2.0","2016","2017","Covered","SER-02051"
"Rocket","Series","Rocket Raccoon","era","Marvel NOW! 2.0","2017","2017","Covered","SER-02052"
"Royals","Series","Inhumans","era","Marvel NOW! 2.0","2017","2018","Covered","SER-02053"
"Secret Warriors","Series","Secret Warriors","era","Marvel NOW! 2.0","2017","2018","Covered","SER-02054"
"Silver Sable and the Wild Pack","Series","Spider-Man","era","Marvel NOW! 2.0","2017","2018","Covered","SER-02055"
"Spider-Man/Deadpool","Series","Spider-Man","era","Marvel NOW! 2.0","2016","2018","Covered","SER-02056"
"Spider-Man: Master Plan","Series","Spider-Man","era","Marvel NOW! 2.0","2017","2017","Covered","SER-02057"
"Star-Lord","Series","Star-Lord","era","Marvel NOW! 2.0","2016","2017","Covered","SER-02058"
"Thanos","Series","Thanos","era","Marvel NOW! 2.0","2016","2018","Covered","SER-02059"
"The Unworthy Thor","Series","Thor","era","Marvel NOW! 2.0","2016","2017","Covered","SER-02060"
"U.S.Avengers","Series","Avengers","era","Marvel NOW! 2.0","2017","2017","Covered","SER-02061"
"Uncanny Avengers","Series","Avengers","era","Marvel NOW! 2.0","2016","2017","Covered","SER-02062"
"Venom","Series","Venom","era","Marvel NOW! 2.0","2016","2018","Covered","SER-02063"
"Weapon X","Series","Weapon X","era","Marvel NOW! 2.0","2017","2018","Covered","SER-02064"
"X-Men Blue","Series","X-Men","era","Marvel NOW! 2.0","2017","2018","Covered","SER-01082"
"X-Men Gold","Series","X-Men","era","Marvel NOW! 2.0","2017","2018","Covered","SER-01083"
"X-Men Prime","Series","X-Men","era","Marvel NOW! 2.0","2017","2017","Covered","SER-02065"
"Bullseye","Series","Daredevil","era","Marvel NOW! 2.0","2017","2017","Covered","SER-02066"
"Cage!","Series","Luke Cage","era","Marvel NOW! 2.0","2016","2017","Covered","SER-02067"
"Deadpool: Back in Black","Series","Deadpool","era","Marvel NOW! 2.0","2016","2017","Covered","SER-02068"
"Elektra","Series","Elektra","era","Marvel NOW! 2.0","2017","2017","Covered","SER-02069"
"Foolkiller","Series","Deadpool","era","Marvel NOW! 2.0","2016","2017","Covered","SER-02070"
"Gamora","Series","Gamora","era","Marvel NOW! 2.0","2016","2017","Covered","SER-02071"
"Man-Thing","Series","Man-Thing","era","Marvel NOW! 2.0","2017","2017","Covered","SER-02072"
"Solo","Series","Deadpool","era","Marvel NOW! 2.0","2016","2017","Covered","SER-02073"
"Unstoppable Wasp","Series","Wasp","era","Marvel NOW! 2.0","2017","2017","Covered","SER-02074"
"Amazing Spider-Man: Renew Your Vows","Series","Spider-Man","era","Marvel Legacy","2017","2018","Covered","SER-02075"
"America","Series","Miss America","era","Marvel Legacy","2017","2018","Covered","SER-02076"
"Astonishing X-Men","Series","X-Men","era","Marvel Legacy","2017","2018","Covered","SER-02077"
"Avengers","Series","Avengers","era","Marvel Legacy","2017","2018","Covered","SER-02078"
"Ben Reilly: Scarlet Spider","Series","Scarlet Spider (Ben Reilly)","era","Marvel Legacy","2017","2018","Covered","SER-02079"
"Black Bolt","Series","Inhumans","era","Marvel Legacy","2017","2018","Covered","SER-02080"
"Cable","Series","Cable","era","Marvel Legacy","2017","2018","Covered","SER-02081"
"Captain Marvel","Series","Captain Marvel (Carol Danvers)","era","Marvel Legacy","2017","2018","Covered","SER-02082"
"Champions","Series","Champions","era","Marvel Legacy","2017","2018","Covered","SER-02083"
"Daredevil","Series","Daredevil","era","Marvel Legacy","2017","2018","Covered","SER-02084"
"Deadpool","Series","Deadpool","era","Marvel Legacy","2017","2018","Covered","SER-02085"
"Despicable Deadpool","Series","Deadpool","era","Marvel Legacy","2017","2018","Covered","SER-02086"
"Doctor Strange","Series","Doctor Strange","era","Marvel Legacy","2017","2018","Covered","SER-02087"
"Falcon","Series","Falcon","era","Marvel Legacy","2017","2018","Covered","SER-02088"
"Generation X","Series","Generation X","era","Marvel Legacy","2017","2018","Covered","SER-02089"
"Guardians of the Galaxy","Series","Guardians of the Galaxy","era","Marvel Legacy","2017","2018","Covered","SER-02090"
"Hawkeye","Series","Hawkeye","era","Marvel Legacy","2017","2018","Covered","SER-02091"
"Iceman","Series","X-Men","era","Marvel Legacy","2017","2018","Covered","SER-02092"
"Incredible Hulk","Series","Hulk","era","Marvel Legacy","2017","2018","Covered","SER-02093"
"Invincible Iron Man","Series","Iron Man","era","Marvel Legacy","2017","2018","Covered","SER-02094"
"Iron Fist","Series","Iron Fist","era","Marvel Legacy","2017","2018","Covered","SER-02095"
"Jean Grey","Series","Jean Grey / Phoenix","era","Marvel Legacy","2017","2018","Covered","SER-02096"
"Jessica Jones","Series","Marvel Universe","era","Marvel Legacy","2017","2018","Covered","SER-02097"
"Luke Cage","Series","Luke Cage","era","Marvel Legacy","2017","2018","Covered","CHR-00235"
"Mighty Thor","Series","Thor","era","Marvel Legacy","2017","2018","Covered","SER-02098"
"Moon Girl and Devil Dinosaur","Series","Marvel Universe","era","Marvel Legacy","2017","2018","Covered","SER-02099"
"Moon Knight","Series","Moon Knight","era","Marvel Legacy","2017","2018","Covered","SER-02100"
"Ms. Marvel","Series","Ms. Marvel (Kamala Khan)","era","Marvel Legacy","2017","2018","Covered","SER-02101"
"Old Man Logan","Series","Old Man Logan","era","Marvel Legacy","2017","2018","Covered","SER-02102"
"Peter Parker: The Spectacular Spider-Man","Series","Spider-Man","era","Marvel Legacy","2017","2018","Covered","SER-02103"
"Punisher","Series","Punisher","era","Marvel Legacy","2017","2018","Covered","SER-02104"
"Royals","Series","Inhumans","era","Marvel Legacy","2017","2018","Covered","SER-02105"
"Secret Warriors","Series","Secret Warriors","era","Marvel Legacy","2017","2018","Covered","SER-02106"
"She-Hulk","Series","She-Hulk","era","Marvel Legacy","2017","2018","Covered","SER-02107"
"Spider-Gwen","Series","Spider-Gwen / Ghost-Spider","era","Marvel Legacy","2017","2018","Covered","SER-02108"
"Spider-Man","Series","Miles Morales","era","Marvel Legacy","2017","2018","Covered","SER-02109"
"Spider-Man/Deadpool","Series","Spider-Man","era","Marvel Legacy","2017","2018","Covered","SER-02110"
"Spirits of Vengeance","Series","Ghost Rider","era","Marvel Legacy","2017","2018","Covered","SER-02111"
"Thanos","Series","Thanos","era","Marvel Legacy","2017","2018","Covered","SER-02112"
"Unbeatable Squirrel Girl","Series","Squirrel Girl","era","Marvel Legacy","2017","2018","Covered","SER-02113"
"Uncanny Avengers","Series","Avengers","era","Marvel Legacy","2017","2018","Covered","SER-02114"
"Venom","Series","Venom","era","Marvel Legacy","2017","2018","Covered","SER-02115"
"Weapon X","Series","Weapon X","era","Marvel Legacy","2017","2018","Covered","SER-02116"
"X-Men Blue","Series","X-Men","era","Marvel Legacy","2017","2018","Covered","SER-02117"
"X-Men Gold","Series","X-Men","era","Marvel Legacy","2017","2018","Covered","SER-02118"
"X-Men Red","Series","X-Men","era","Marvel Legacy","2018","2018","Covered","SER-01081"
"Amazing Spider-Man","Series","Spider-Man","era","Fresh Start","2018","2022","Covered","SER-02119"
"Ant-Man and the Wasp","Series","Ant-Man / Giant-Man","era","Fresh Start","2018","2018","Covered","SER-02120"
"Asgardians of the Galaxy","Series","Thor","era","Fresh Start","2018","2019","Covered","SER-02121"
"Avengers","Series","Avengers","era","Fresh Start","2018","2023","Covered","SER-02122"
"Avengers: No Road Home","Series","Avengers","era","Fresh Start","2019","2019","Covered","SER-01098"
"Black Panther","Series","Black Panther","era","Fresh Start","2018","2021","Covered","SER-02123"
"Black Widow","Series","Black Widow","era","Fresh Start","2019","2019","Covered","SER-02124"
"Captain America","Series","Captain America","era","Fresh Start","2018","2021","Covered","SER-02125"
"Captain Marvel","Series","Captain Marvel (Carol Danvers)","era","Fresh Start","2019","2023","Covered","SER-02126"
"Champions","Series","Champions","era","Fresh Start","2019","2019","Covered","SER-02127"
"Conan the Barbarian","Series","Marvel Universe","era","Fresh Start","2019","2019","Covered","SER-02128"
"Cosmic Ghost Rider","Series","Ghost Rider","era","Fresh Start","2018","2018","Covered","SER-02129"
"Daredevil","Series","Daredevil","era","Fresh Start","2019","2021","Covered","SER-02130"
"Dead Man Logan","Series","Old Man Logan","era","Fresh Start","2018","2019","Covered","SER-02131"
"Deadpool","Series","Deadpool","era","Fresh Start","2018","2019","Covered","SER-02132"
"Death of the Inhumans","Series","Inhumans","era","Fresh Start","2018","2018","Covered","SER-02133"
"Defenders: The Best Defense","Series","Defenders","era","Fresh Start","2018","2018","Covered","SER-02134"
"Doctor Strange","Series","Doctor Strange","era","Fresh Start","2018","2019","Covered","SER-02135"
"Domino","Series","X-Men","era","Fresh Start","2018","2019","Covered","SER-02136"
"Exiles","Series","Exiles","era","Fresh Start","2018","2019","Covered","SER-02137"
"Fantastic Four","Series","Fantastic Four","era","Fresh Start","2018","2022","Covered","SER-02138"
"Friendly Neighborhood Spider-Man","Series","Spider-Man","era","Fresh Start","2019","2019","Covered","SER-02139"
"Ghost Rider","Series","Ghost Rider","era","Fresh Start","2019","2020","Covered","SER-02140"
"Guardians of the Galaxy","Series","Guardians of the Galaxy","era","Fresh Start","2019","2020","Covered","SER-02141"
"Immortal Hulk","Series","Hulk","era","Fresh Start","2018","2021","Covered","SER-02142"
"Infinity Wars","Series","Infinity Saga","era","Fresh Start","2018","2018","Covered","SER-02143"
"Ironheart","Series","Iron Man","era","Fresh Start","2018","2020","Covered","SER-01109"
"Jessica Jones: Blind Spot","Series","Marvel Universe","era","Fresh Start","2018","2018","Covered","SER-02144"
"Jessica Jones: Purple Daughter","Series","Marvel Universe","era","Fresh Start","2019","2019","Covered","SER-02145"
"Killmonger","Series","Black Panther","era","Fresh Start","2018","2019","Covered","SER-02146"
"Life of Captain Marvel","Series","Captain Marvel (Carol Danvers)","era","Fresh Start","2018","2018","Covered","SER-02147"
"Man Without Fear","Series","Daredevil","era","Fresh Start","2019","2019","Covered","SER-02148"
"Marvel Knights 20th","Series","Marvel Universe","era","Fresh Start","2018","2019","Covered","SER-02149"
"Marvel Rising","Series","Marvel Universe","era","Fresh Start","2018","2019","Covered","SER-02150"
"Meet the Skrulls","Series","Marvel Universe","era","Fresh Start","2019","2019","Covered","SER-02151"
"Miles Morales: Spider-Man","Series","Miles Morales","era","Fresh Start","2018","2022","Covered","SER-00496"
"Moon Knight","Series","Moon Knight","era","Fresh Start","2021","2024","Covered","SER-02152"
"Mr. and Mrs. X","Series","X-Men","era","Fresh Start","2018","2019","Covered","SER-02153"
"Old Man Hawkeye","Series","Hawkeye","era","Fresh Start","2018","2018","Covered","SER-02154"
"Old Man Quill","Series","Star-Lord","era","Fresh Start","2019","2019","Covered","SER-02155"
"Punisher","Series","Punisher","era","Fresh Start","2018","2019","Covered","SER-02156"
"Runaways","Series","Runaways","era","Fresh Start","2017","2021","Covered","SER-02157"
"Savage Avengers","Series","Avengers","era","Fresh Start","2019","2022","Covered","SER-02158"
"Shuri","Series","Black Panther","era","Fresh Start","2018","2019","Covered","SER-02159"
"Silver Surfer: Black","Series","Silver Surfer","era","Fresh Start","2019","2019","Covered","SER-02160"
"Spider-Geddon","Series","Spider-Verse","era","Fresh Start","2018","2018","Covered","SER-01100"
"Spider-Gwen: Ghost-Spider","Series","Spider-Gwen / Ghost-Spider","era","Fresh Start","2018","2019","Covered","CHR-00377"
"Spider-Man: City at War","Series","Spider-Man","era","Fresh Start","2019","2020","Covered","SER-02161"
"Spider-Man: Life Story","Series","Spider-Man","era","Fresh Start","2019","2019","Covered","SER-01101"
"Superior Spider-Man","Series","Spider-Man","era","Fresh Start","2018","2019","Covered","SER-02162"
"Tony Stark: Iron Man","Series","Iron Man","era","Fresh Start","2018","2019","Covered","SER-02163"
"Uncanny X-Men","Series","X-Men","era","Fresh Start","2018","2019","Covered","SER-02164"
"Unstoppable Wasp","Series","Wasp","era","Fresh Start","2018","2019","Covered","SER-02165"
"Venom","Series","Venom","era","Fresh Start","2018","2021","Covered","SER-02166"
"Vision","Series","Vision & Scarlet Witch","era","Fresh Start","2018","2019","Covered","SER-02167"
"Weapon H","Series","Weapon X","era","Fresh Start","2018","2019","Covered","SER-02168"
"West Coast Avengers","Series","Avengers","era","Fresh Start","2018","2019","Covered","SER-00062"
"Winter Soldier","Series","Winter Soldier","era","Fresh Start","2018","2019","Covered","SER-02169"
"Wolverine: The Long Night","Series","Wolverine","era","Fresh Start","2019","2019","Covered","SER-02170"
"House of X","Series","X-Men","era","Dawn of X","2019","2019","Covered","SER-01079"
"Powers of X","Series","X-Men","era","Dawn of X","2019","2019","Covered","SER-01080"
"X-Men","Series","X-Men","era","Dawn of X","2019","2021","Covered","SER-02171"
"Excalibur","Series","X-Men","era","Dawn of X","2019","2021","Covered","SER-00994"
"Marauders","Series","X-Men","era","Dawn of X","2019","2022","Covered","SER-01087"
"New Mutants","Series","New Mutants","era","Dawn of X","2019","2021","Covered","CHR-00273"
"X-Force","Series","X-Men","era","Dawn of X","2019","2024","Covered","SER-02172"
"Fallen Angels","Series","X-Men","era","Dawn of X","2019","2020","Covered","SER-02173"
"Wolverine","Series","Wolverine","era","Dawn of X","2020","2024","Covered","SER-02174"
"Cable","Series","Cable","era","Dawn of X","2020","2021","Covered","SER-02175"
"Hellions","Series","X-Men","era","Dawn of X","2020","2021","Covered","SER-01086"
"X-Factor","Series","X-Men","era","Dawn of X","2020","2021","Covered","SER-00039"
"Giant-Size X-Men","Series","X-Men","era","Dawn of X","2020","2020","Covered","SER-02176"
"Empyre: X-Men","Series","X-Men","era","Dawn of X","2020","2020","Covered","SER-02177"
"Juggernaut","Series","X-Men","era","Dawn of X","2020","2021","Covered","SER-02178"
"S.W.O.R.D.","Series","X-Men","era","Reign of X","2020","2021","Covered","SER-01088"
"Way of X","Series","X-Men","era","Reign of X","2021","2021","Covered","SER-02179"
"Children of the Atom","Series","X-Men","era","Reign of X","2021","2021","Covered","SER-02180"
"X-Corp","Series","X-Men","era","Reign of X","2021","2021","Covered","SER-02181"
"X-Men","Series","X-Men","era","Reign of X","2021","2024","Covered","SER-02182"
"Excalibur","Series","X-Men","era","Reign of X","2021","2022","Covered","SER-02183"
"Marauders","Series","X-Men","era","Reign of X","2021","2022","Covered","SER-02184"
"New Mutants","Series","New Mutants","era","Reign of X","2021","2022","Covered","SER-02185"
"X-Force","Series","X-Men","era","Reign of X","2021","2022","Covered","SER-02186"
"Wolverine","Series","Wolverine","era","Reign of X","2021","2022","Covered","SER-02187"
"Hellions","Series","X-Men","era","Reign of X","2021","2021","Covered","SER-02188"
"Trial of Magneto","Series","Magneto","era","Reign of X","2021","2022","Covered","SER-02189"
"Inferno","Series","X-Men","era","Reign of X","2021","2022","Covered","EVT-00106"
"Onslaught Revelation","Series","X-Men","era","Reign of X","2021","2021","Covered","SER-02190"
"X Lives of Wolverine","Series","Wolverine","era","Reign of X","2022","2022","Covered","SER-02191"
"X Deaths of Wolverine","Series","Wolverine","era","Reign of X","2022","2022","Covered","SER-02192"
"Immortal X-Men","Series","X-Men","era","Destiny of X","2022","2023","Covered","SER-02193"
"X-Men Red","Series","X-Men","era","Destiny of X","2022","2023","Covered","SER-02194"
"Legion of X","Series","X-Men","era","Destiny of X","2022","2023","Covered","SER-02195"
"Knights of X","Series","X-Men","era","Destiny of X","2022","2022","Covered","SER-02196"
"Marauders","Series","X-Men","era","Destiny of X","2022","2023","Covered","SER-02197"
"New Mutants","Series","New Mutants","era","Destiny of X","2022","2023","Covered","SER-02198"
"X-Force","Series","X-Men","era","Destiny of X","2022","2023","Covered","SER-02199"
"Wolverine","Series","Wolverine","era","Destiny of X","2022","2023","Covered","SER-02200"
"X-Terminators","Series","X-Men","era","Destiny of X","2022","2023","Covered","SER-02201"
"Sabretooth","Series","Sabretooth","era","Destiny of X","2022","2022","Covered","SER-02202"
"Sabretooth and the Exiles","Series","Sabretooth","era","Destiny of X","2022","2023","Covered","SER-02203"
"Bishop: War College","Series","X-Men","era","Destiny of X","2023","2023","Covered","SER-02204"
"Rogue & Gambit","Series","Gambit","era","Destiny of X","2023","2023","Covered","SER-02205"
"Betsy Braddock: Captain Britain","Series","X-Men","era","Destiny of X","2023","2023","Covered","SER-02206"
"Sins of Sinister","Series","X-Men","era","Destiny of X","2023","2023","Covered","SER-02207"
"Storm & the Brotherhood of Mutants","Series","Storm","era","Destiny of X","2023","2023","Covered","SER-02208"
"Nightcrawlers","Series","Nightcrawler","era","Destiny of X","2023","2023","Covered","SER-02209"
"Immoral X-Men","Series","X-Men","era","Destiny of X","2023","2023","Covered","SER-02210"
"Astonishing Iceman","Series","X-Men","era","Fall of X","2023","2023","Covered","SER-02211"
"Children of the Vault","Series","X-Men","era","Fall of X","2023","2023","Covered","SER-02212"
"Dark X-Men","Series","X-Men","era","Fall of X","2023","2023","Covered","SER-02213"
"Jean Grey","Series","Jean Grey / Phoenix","era","Fall of X","2023","2023","Covered","SER-02214"
"Realm of X","Series","X-Men","era","Fall of X","2023","2023","Covered","SER-02215"
"Uncanny Avengers","Series","Avengers","era","Fall of X","2023","2023","Covered","SER-02216"
"Uncanny Spider-Man","Series","Nightcrawler","era","Fall of X","2023","2023","Covered","SER-02217"
"Alpha Flight","Series","Alpha Flight","era","Fall of X","2023","2023","Covered","SER-02218"
"Ms. Marvel: The New Mutant","Series","Ms. Marvel (Kamala Khan)","era","Fall of X","2023","2023","Covered","SER-02219"
"Ms. Marvel: Mutant Menace","Series","Ms. Marvel (Kamala Khan)","era","Fall of X","2024","2024","Covered","SER-02220"
"Cable","Series","Cable","era","Fall of X","2024","2024","Covered","SER-02221"
"Dead X-Men","Series","X-Men","era","Fall of X","2024","2024","Covered","SER-02222"
"Fall of the House of X","Series","X-Men","era","Fall of X","2024","2024","Covered","SER-01089"
"Rise of the Powers of X","Series","X-Men","era","Fall of X","2024","2024","Covered","SER-01090"
"Resurrection of Magneto","Series","Magneto","era","Fall of X","2024","2024","Covered","SER-02223"
"X-Men: Forever","Series","X-Men","era","Fall of X","2024","2024","Covered","SER-02224"
"Weapon X-Men","Series","Weapon X","era","Fall of X","2024","2024","Covered","SER-02225"
"X-Men: Heir of Apocalypse","Series","X-Men","era","Fall of X","2024","2024","Covered","SER-02226"
"X-Men","Series","X-Men","era","From the Ashes","2024","","Covered","SER-02227"
"Uncanny X-Men","Series","X-Men","era","From the Ashes","2024","","Covered","SER-02228"
"Exceptional X-Men","Series","X-Men","era","From the Ashes","2024","2025","Covered","SER-02229"
"X-Force","Series","X-Men","era","From the Ashes","2024","2025","Covered","SER-02230"
"X-Factor","Series","X-Men","era","From the Ashes","2024","2025","Covered","SER-02231"
"Wolverine","Series","Wolverine","era","From the Ashes","2024","","Covered","SER-02232"
"Phoenix","Series","Jean Grey / Phoenix","era","From the Ashes","2024","2025","Covered","SER-02233"
"Storm","Series","Storm","era","From the Ashes","2024","2025","Covered","SER-02234"
"NYX","Series","X-Men","era","From the Ashes","2024","2025","Covered","SER-00989"
"Mystique","Series","Mystique","era","From the Ashes","2024","2025","Covered","SER-02235"
"Psylocke","Series","X-Men","era","From the Ashes","2024","2025","Covered","SER-02236"
"Magik","Series","X-Men","era","From the Ashes","2025","2025","Covered","SER-02237"
"Laura Kinney: Wolverine","Series","X-23 / Wolverine (Laura Kinney)","era","From the Ashes","2024","2025","Covered","SER-02238"
"Sentinels","Series","X-Men","era","From the Ashes","2024","2025","Covered","SER-02239"
"Hellverine","Series","Wolverine","era","From the Ashes","2024","2025","Covered","SER-02240"
"Weapon X-Men","Series","Weapon X","era","From the Ashes","2025","2025","Covered","SER-02241"
"X-Manhunt","Series","X-Men","era","From the Ashes","2025","2025","Covered","SER-02242"
"X-Men: Age of Revelation Overture","Series","X-Men","era","From the Ashes","2025","2025","Covered","SER-02243"
"Ultimate Invasion","Series","Ultimate Universe","line","Ultimate Universe","2023","2023","Covered","EVT-00092"
"Ultimate Universe","Series","Ultimate Universe","line","Ultimate Universe","2023","2023","Covered","REF-00015"
"Ultimate Spider-Man","Series","Spider-Man (2024 Ultimate Universe relaunch)","line","Ultimate Universe","2024","2025","Covered","SER-02244"
"Ultimate Black Panther","Series","Ultimate Black Panther","line","Ultimate Universe","2024","2025","Covered","SER-02245"
"Ultimate X-Men","Series","Ultimate X-Men (2024 relaunch)","line","Ultimate Universe","2024","2026","Covered","SER-02246"
"Ultimates","Series","Ultimate Universe","line","Ultimate Universe","2024","2026","Covered","SER-02247"
"Ultimate Wolverine","Series","Ultimate Universe","line","Ultimate Universe","2025","2026","Covered","SER-02248"
"Ultimate Spider-Man: Incursion","Series","Ultimate Universe","line","Ultimate Universe","2025","2025","Covered","SER-02249"
"Ultimate Endgame","Series","Ultimate Universe","line","Ultimate Universe","2025","2026","Covered","SER-02250"
"Ultimate Universe: One Year In","Series","Ultimate Universe","line","Ultimate Universe","2024","2024","Covered","SER-02251"
"Ultimate Universe: Two Years In","Series","Ultimate Universe","line","Ultimate Universe","2025","2025","Covered","SER-02252"
"Ultimate Universe: Finale","Series","Ultimate Universe","line","Ultimate Universe","2026","2026","Covered","SER-02253"
"Ultimate Impact: Reborn","Series","Ultimate Universe","line","Ultimate Universe","2026","2026","Covered","SER-02254"
"Alien","Series","Alien / Predator","line","Alien / Predator","2021","2022","Covered","SER-00016"
"Alien: Black, White & Blood","Series","Alien / Predator","line","Alien / Predator","2024","2024","Covered","SER-02255"
"Alien: Icarus","Series","Alien / Predator","line","Alien / Predator","2022","2022","Covered","SER-02256"
"Alien: Paradiso","Series","Alien / Predator","line","Alien / Predator","2024","2025","Covered","SER-02257"
"Alien: Revival","Series","Alien / Predator","line","Alien / Predator","2025","2025","Covered","SER-02258"
"Alien: Romulus","Series","Alien / Predator","line","Alien / Predator","2024","2024","Covered","SER-02259"
"Alien: Thaw","Series","Alien / Predator","line","Alien / Predator","2023","2023","Covered","SER-02260"
"Alien: What If...?","Series","Alien / Predator","line","Alien / Predator","2024","2024","Covered","SER-02261"
"Predator","Series","Alien / Predator","line","Alien / Predator","2022","2023","Covered","SER-00017"
"Predator: The Last Hunt","Series","Alien / Predator","line","Alien / Predator","2024","2024","Covered","SER-02262"
"Predator: Black, White & Blood","Series","Alien / Predator","line","Alien / Predator","2025","2025","Covered","SER-02263"
"Predator vs. Black Panther","Series","Alien / Predator","line","Alien / Predator","2024","2024","Covered","SER-02264"
"Predator vs. Spider-Man","Series","Alien / Predator","line","Alien / Predator","2025","2025","Covered","SER-02265"
"Predator vs. Wolverine","Series","Alien / Predator","line","Alien / Predator","2023","2024","Covered","SER-02266"
"Marvel Knights 20th","Series","Marvel Universe","line","Marvel Knights","2018","2019","Covered","SER-02267"
"Marvel Knights: The World to Come","Series","Marvel Universe","line","Marvel Knights","2025","2026","Covered","SER-02268"
"Marvel Knights: Spider-Man","Series","Spider-Man","line","Marvel Knights","2004","2006","Covered","SER-02269"
"Marvel Knights: Wolverine","Series","Wolverine","line","Marvel Knights","2004","2005","Covered","SER-02270"
"Marvel Knights: Hulk","Series","Hulk","line","Marvel Knights","2014","2014","Covered","SER-02271"
"Daredevil: Father","Series","Daredevil","line","Marvel Knights","2004","2007","Covered","SER-02272"
"District X","Series","X-Men","line","Marvel Knights","2004","2006","Covered","SER-02273"
"Madrox","Series","X-Men","line","Marvel Knights","2004","2005","Covered","SER-02274"
"Black Panther","Series","Black Panther","line","Marvel Knights","1998","2003","Covered","SER-02275"
"The Punisher","Series","Punisher","line","Marvel Knights","1998","1999","Covered","SER-00581"
"The Sentry","Series","Sentry","line","Marvel Knights","2000","2001","Covered","SER-02276"
"Inhumans","Series","Inhumans","line","Marvel Knights","1998","1999","Covered","CHR-00198"
"Alias","Series","Marvel Universe","line","MAX","2001","2004","Covered","SER-01104"
"Apache Skies","Series","Rawhide Kid","line","MAX","2002","2002","Covered","SER-02277"
"Black Widow: Pale Little Spider","Series","Black Widow","line","MAX","2002","2002","Covered","SER-02278"
"Cage","Series","Luke Cage","line","MAX","2002","2002","Covered","SER-02279"
"Dead of Night Featuring Man-Thing","Series","Man-Thing","line","MAX","2008","2008","Covered","SER-02280"
"Dead of Night Featuring Werewolf by Night","Series","Marvel Horror Line","line","MAX","2009","2009","Covered","SER-02281"
"Foolkiller","Series","Marvel Universe","line","MAX","2007","2008","Covered","SER-02282"
"Foolkiller: White Angels","Series","Marvel Universe","line","MAX","2008","2009","Covered","SER-02283"
"Fury","Series","Nick Fury","line","MAX","2001","2002","Covered","SER-02284"
"Fury: My War Gone By","Series","Nick Fury","line","MAX","2012","2013","Covered","SER-02285"
"The Hood","Series","Marvel Universe","line","MAX","2002","2002","Covered","SER-02286"
"Howard the Duck","Series","Howard the Duck","line","MAX","2002","2002","Covered","SER-02287"
"Punisher MAX","Series","Punisher","line","MAX","2004","2009","Covered","SER-02288"
"Punisher: Frank Castle MAX","Series","Punisher","line","MAX","2009","2012","Covered","SER-02289"
"Rawhide Kid","Series","Rawhide Kid","line","MAX","2003","2003","Covered","SER-02290"
"Supreme Power","Series","Marvel Universe","line","MAX","2003","2005","Covered","SER-02291"
"Supreme Power: Hyperion","Series","Marvel Universe","line","MAX","2005","2006","Covered","SER-02292"
"Supreme Power: Nighthawk","Series","Marvel Universe","line","MAX","2005","2006","Covered","SER-02293"
"Thor: Vikings","Series","Thor","line","MAX","2003","2004","Covered","SER-02294"
"Zombie","Series","Marvel Zombies","line","MAX","2006","2006","Covered","SER-02295"
"2099 Alpha","Series","Marvel Universe","line","2099","2019","2019","Covered","SER-02296"
"2099 Omega","Series","Marvel Universe","line","2099","2019","2019","Covered","SER-02297"
"Annihilation 2099","Series","Annihilation Saga","line","2099","2024","2024","Covered","SER-02298"
"Avengers 2099","Series","Avengers","line","2099","2015","2015","Covered","SER-02299"
"Conan 2099","Series","Marvel Universe","line","2099","2019","2019","Covered","SER-02300"
"Fantastic Four 2099","Series","Fantastic Four","line","2099","2019","2019","Covered","SER-02301"
"Ghost Rider 2099","Series","Ghost Rider","line","2099","1994","1996","Covered","SER-02302"
"Ghost Rider 2099","Series","Ghost Rider","line","2099","2019","2019","Covered","SER-02303"
"Hulk 2099","Series","Hulk","line","2099","1994","1995","Covered","SER-02304"
"Punisher 2099","Series","Punisher 2099","line","2099","1993","1995","Covered","SER-02305"
"Punisher 2099","Series","Punisher 2099","line","2099","2019","2019","Covered","SER-02306"
"Secret Wars 2099","Series","Secret Wars","line","2099","2015","2015","Covered","SER-02307"
"Spider-Man 2099","Series","Spider-Man 2099","line","2099","1992","1996","Covered","SER-02308"
"Spider-Man 2099","Series","Spider-Man 2099","line","2099","2014","2017","Covered","SER-02309"
"Spider-Man 2099: Dark Genesis","Series","Spider-Man 2099","line","2099","2023","2023","Covered","SER-02310"
"Spider-Man 2099: Exodus","Series","Spider-Man 2099","line","2099","2022","2022","Covered","SER-02311"
"Spider-Man 2099: Miguel O'Hara","Series","Spider-Man 2099","line","2099","2024","2024","Covered","SER-02312"
"Symbiote Spider-Man 2099","Series","Spider-Man 2099","line","2099","2024","2024","Covered","SER-02313"
"Venom 2099","Series","Venom","line","2099","2019","2019","Covered","SER-02314"
"X-Men 2099","Series","X-Men 2099","line","2099","1993","1996","Covered","SER-02315"
"Marvel Zombies","Series","Marvel Zombies","line","Marvel Zombies","2005","2006","Covered","SER-02316"
"Marvel Zombies 2","Series","Marvel Zombies","line","Marvel Zombies","2007","2008","Covered","SER-02317"
"Marvel Zombies 3","Series","Marvel Zombies","line","Marvel Zombies","2008","2009","Covered","SER-02318"
"Marvel Zombies 4","Series","Marvel Zombies","line","Marvel Zombies","2009","2009","Covered","SER-02319"
"Marvel Zombies 5","Series","Marvel Zombies","line","Marvel Zombies","2010","2010","Covered","SER-02320"
"Marvel Zombies Return","Series","Marvel Zombies","line","Marvel Zombies","2009","2009","Covered","SER-02321"
"Marvel Zombies Supreme","Series","Marvel Zombies","line","Marvel Zombies","2011","2011","Covered","SER-02322"
"Marvel Zombies Destroy!","Series","Marvel Zombies","line","Marvel Zombies","2012","2012","Covered","SER-02323"
"Marvel Zombies Halloween","Series","Marvel Zombies","line","Marvel Zombies","2012","2012","Covered","SER-02324"
"Marvel Zombies vs. Army of Darkness","Series","Marvel Zombies","line","Marvel Zombies","2007","2007","Covered","SER-02325"
"Marvel Zombies: Dead Days","Series","Marvel Zombies","line","Marvel Zombies","2007","2007","Covered","SER-02326"
"Marvel Zombies: Evil Evolution","Series","Marvel Zombies","line","Marvel Zombies","2009","2009","Covered","SER-02327"
"Marvel Zombies: Resurrection","Series","Marvel Zombies","line","Marvel Zombies","2019","2020","Covered","SER-02328"
"Marvel Zombies: Black, White & Blood","Series","Marvel Zombies","line","Marvel Zombies","2023","2024","Covered","SER-02329"
"Marvel Zombies: Dawn of Decay","Series","Marvel Zombies","line","Marvel Zombies","2024","2025","Covered","SER-02330"
"Absolute Carnage","Event","Absolute Carnage","era","Fresh Start","2019","2019","Covered","EVT-00039"
"Absolute Carnage: Avengers","Event","Absolute Carnage","era","Fresh Start","2019","2019","Covered","EVT-00180"
"Absolute Carnage: Captain Marvel","Event","Absolute Carnage","era","Fresh Start","2019","2019","Covered","EVT-00181"
"Absolute Carnage: Immortal Hulk","Event","Absolute Carnage","era","Fresh Start","2019","2019","Covered","EVT-00182"
"Absolute Carnage: Lethal Protectors","Event","Absolute Carnage","era","Fresh Start","2019","2019","Covered","EVT-00183"
"Absolute Carnage: Miles Morales","Event","Absolute Carnage","era","Fresh Start","2019","2019","Covered","EVT-00184"
"Absolute Carnage: Scream","Event","Absolute Carnage","era","Fresh Start","2019","2019","Covered","EVT-00185"
"Absolute Carnage: Separation Anxiety","Event","Absolute Carnage","era","Fresh Start","2019","2019","Covered","EVT-00186"
"Absolute Carnage: Symbiote of Vengeance","Event","Absolute Carnage","era","Fresh Start","2019","2019","Covered","EVT-00187"
"Absolute Carnage: Symbiote Spider-Man","Event","Absolute Carnage","era","Fresh Start","2019","2019","Covered","EVT-00188"
"Absolute Carnage: Weapon Plus","Event","Absolute Carnage","era","Fresh Start","2019","2019","Covered","EVT-00189"
"A.X.E.: Judgment Day","Event","Avengers","era","Fresh Start","2022","2022","Covered","EVT-00190"
"A.X.E.: Avengers","Event","Avengers","era","Fresh Start","2022","2022","Covered","EVT-00191"
"A.X.E.: Death to the Mutants","Event","Avengers","era","Fresh Start","2022","2022","Covered","EVT-00192"
"A.X.E.: Eternals","Event","Avengers","era","Fresh Start","2022","2022","Covered","EVT-00193"
"A.X.E.: Iron Fist","Event","Avengers","era","Fresh Start","2022","2022","Covered","EVT-00194"
"A.X.E.: Starfox","Event","Avengers","era","Fresh Start","2022","2022","Covered","EVT-00195"
"A.X.E.: X-Men","Event","Avengers","era","Fresh Start","2022","2022","Covered","EVT-00196"
"Blood Hunt","Event","Marvel Universe","era","Fresh Start","2024","2024","Covered","SER-01113"
"Blood Hunt: Red Band","Event","Marvel Universe","era","Fresh Start","2024","2024","Covered","EVT-00197"
"Dark Web","Event","Spider-Man","era","Fresh Start","2022","2023","Covered","EVT-00198"
"Dark Web: Ms. Marvel","Event","Spider-Man","era","Fresh Start","2022","2023","Covered","EVT-00199"
"Dark Web: X-Men","Event","Spider-Man","era","Fresh Start","2022","2023","Covered","EVT-00200"
"Devil's Reign","Event","Daredevil","era","Fresh Start","2021","2022","Covered","SER-01112"
"Devil's Reign: Superior Four","Event","Daredevil","era","Fresh Start","2022","2022","Covered","EVT-00201"
"Devil's Reign: Villains for Hire","Event","Daredevil","era","Fresh Start","2022","2022","Covered","EVT-00202"
"Empyre","Event","Empyre","era","Fresh Start","2020","2020","Covered","EVT-00041"
"Empyre: Avengers","Event","Empyre","era","Fresh Start","2020","2020","Covered","EVT-00203"
"Empyre: Captain America","Event","Empyre","era","Fresh Start","2020","2020","Covered","EVT-00204"
"Empyre: Fantastic Four","Event","Empyre","era","Fresh Start","2020","2020","Covered","EVT-00205"
"Empyre: Savage Avengers","Event","Empyre","era","Fresh Start","2020","2020","Covered","EVT-00206"
"Empyre: X-Men","Event","Empyre","era","Fresh Start","2020","2020","Covered","EVT-00207"
"Heroes Reborn","Event","Avengers","era","Fresh Start","2021","2021","Covered","EVT-00208"
"Heroes Return","Event","Avengers","era","Fresh Start","2021","2021","Covered","EVT-00209"
"King in Black","Event","King in Black","era","Fresh Start","2020","2021","Covered","EVT-00043"
"King in Black: Avengers","Event","King in Black","era","Fresh Start","2021","2021","Covered","EVT-00210"
"King in Black: Black Knight","Event","King in Black","era","Fresh Start","2021","2021","Covered","EVT-00211"
"King in Black: Captain America","Event","King in Black","era","Fresh Start","2021","2021","Covered","EVT-00212"
"King in Black: Ghost Rider","Event","King in Black","era","Fresh Start","2021","2021","Covered","EVT-00213"
"King in Black: Immortal Hulk","Event","King in Black","era","Fresh Start","2020","2020","Covered","EVT-00214"
"King in Black: Namor","Event","King in Black","era","Fresh Start","2020","2021","Covered","EVT-00215"
"King in Black: Planet of the Symbiotes","Event","King in Black","era","Fresh Start","2021","2021","Covered","EVT-00216"
"King in Black: Return of the Valkyries","Event","King in Black","era","Fresh Start","2021","2021","Covered","EVT-00217"
"King in Black: Scream","Event","King in Black","era","Fresh Start","2021","2021","Covered","EVT-00218"
"King in Black: Spider-Man","Event","King in Black","era","Fresh Start","2021","2021","Covered","EVT-00219"
"King in Black: Thunderbolts","Event","King in Black","era","Fresh Start","2021","2021","Covered","EVT-00220"
"King in Black: Wiccan and Hulkling","Event","King in Black","era","Fresh Start","2021","2021","Covered","EVT-00221"
"One World Under Doom","Event","Marvel Universe","era","Fresh Start","2025","2025","Covered","EVT-00222"
"Original Sin","Event","Marvel Universe","era","Fresh Start","2014","2014","Covered","EVT-00054"
"Secret Empire","Event","Secret Empire","era","Fresh Start","2017","2017","Covered","EVT-00044"
"Secret Empire: Brave New World","Event","Secret Empire","era","Fresh Start","2017","2017","Covered","EVT-00223"
"Secret Empire: Underground","Event","Secret Empire","era","Fresh Start","2017","2017","Covered","EVT-00224"
"Secret Empire: United","Event","Secret Empire","era","Fresh Start","2017","2017","Covered","EVT-00225"
"Secret Empire: Uprising","Event","Secret Empire","era","Fresh Start","2017","2017","Covered","EVT-00226"
"Secret Wars","Event","Secret Wars","era","Fresh Start","2015","2016","Covered","EVT-00227"
"Secret Wars: Battleworld","Event","Secret Wars","era","Fresh Start","2015","2015","Covered","EVT-00228"
"Secret Wars: Secret Love","Event","Secret Wars","era","Fresh Start","2015","2015","Covered","EVT-00229"
"Venom War","Event","Venom","era","Fresh Start","2024","2024","Covered","EVT-00230"
"Venom War: Carnage","Event","Venom","era","Fresh Start","2024","2024","Covered","EVT-00231"
"Venom War: Deadpool","Event","Venom","era","Fresh Start","2024","2024","Covered","EVT-00232"
"Venom War: Lethal Protectors","Event","Venom","era","Fresh Start","2024","2024","Covered","EVT-00233"
"Venom War: Spider-Man","Event","Venom","era","Fresh Start","2024","2024","Covered","EVT-00234"
"War of the Realms","Event","War of the Realms","era","Fresh Start","2019","2019","Covered","EVT-00047"
"War of the Realms: New Agents of Atlas","Event","War of the Realms","era","Fresh Start","2019","2019","Covered","EVT-00235"
"War of the Realms: Punisher","Event","War of the Realms","era","Fresh Start","2019","2019","Covered","EVT-00236"
"War of the Realms: Uncanny X-Men","Event","War of the Realms","era","Fresh Start","2019","2019","Covered","EVT-00237"
"X of Swords","Event","X of Swords","era","Fresh Start","2020","2020","Covered","EVT-00048"
"X of Swords: Creation","Event","X of Swords","era","Fresh Start","2020","2020","Covered","EVT-00238"
"X of Swords: Destruction","Event","X of Swords","era","Fresh Start","2020","2020","Covered","EVT-00239"
"X of Swords: Stasis","Event","X of Swords","era","Fresh Start","2020","2020","Covered","EVT-00240"
"Star Wars","Series","Star Wars","line","Star Wars","2015","2019","Covered","SER-00727"
"Star Wars","Series","Star Wars","line","Star Wars","2020","2024","Covered","SER-02331"
"Star Wars","Series","Star Wars","line","Star Wars","2025","","Covered","SER-02332"
"Star Wars: Darth Vader","Series","Star Wars","line","Star Wars","2015","2016","Covered","SER-02333"
"Darth Vader","Series","Star Wars","line","Star Wars","2017","2018","Covered","SER-00726"
"Star Wars: Darth Vader","Series","Star Wars","line","Star Wars","2020","2024","Covered","SER-02334"
"Star Wars: Doctor Aphra","Series","Star Wars","line","Star Wars","2016","2019","Covered","SER-00729"
"Star Wars: Doctor Aphra","Series","Star Wars","line","Star Wars","2020","2024","Covered","SER-02335"
"Star Wars: Doctor Aphra - Chaos Agent","Series","Star Wars","line","Star Wars","2025","","Covered","SER-02336"
"Star Wars: Poe Dameron","Series","Star Wars","line","Star Wars","2016","2018","Covered","SER-00730"
"Star Wars: Bounty Hunters","Series","Star Wars","line","Star Wars","2020","2024","Covered","SER-02337"
"Star Wars: The High Republic","Series","Star Wars","line","Star Wars","2021","2022","Covered","SER-00731"
"Star Wars: The High Republic","Series","Star Wars","line","Star Wars","2022","2023","Covered","SER-02338"
"Star Wars: The High Republic","Series","Star Wars","line","Star Wars","2023","2025","Covered","SER-02339"
"Star Wars: The High Republic Adventures","Series","Star Wars","line","Star Wars","2021","2022","Covered","SER-02340"
"Star Wars: The High Republic - Shadows of Starlight","Series","Star Wars","line","Star Wars","2023","2024","Covered","SER-02341"
"Star Wars: High Republic - Fear of the Jedi","Series","Star Wars","line","Star Wars","2025","2025","Covered","SER-02342"
"Star Wars: Darth Maul","Series","Star Wars","line","Star Wars","2017","2017","Covered","SER-02343"
"Star Wars: Darth Maul - Son of Dathomir","Series","Star Wars","line","Star Wars","2014","2014","Covered","SER-02344"
"Star Wars: Darth Vader - Black, White & Red","Series","Star Wars","line","Star Wars","2023","2023","Covered","SER-02345"
"Star Wars: Han Solo","Series","Star Wars","line","Star Wars","2016","2016","Covered","SER-02346"
"Star Wars: Han Solo & Chewbacca","Series","Star Wars","line","Star Wars","2022","2023","Covered","SER-02347"
"Star Wars: Lando","Series","Star Wars","line","Star Wars","2015","2015","Covered","SER-02348"
"Star Wars: Lando - Double or Nothing","Series","Star Wars","line","Star Wars","2018","2018","Covered","SER-02349"
"Star Wars: Princess Leia","Series","Star Wars","line","Star Wars","2015","2015","Covered","SER-02350"
"Star Wars: Obi-Wan","Series","Star Wars","line","Star Wars","2022","2022","Covered","SER-02351"
"Star Wars: Obi-Wan and Anakin","Series","Star Wars","line","Star Wars","2016","2016","Covered","SER-02352"
"Star Wars: Kanan","Series","Star Wars","line","Star Wars","2015","2016","Covered","SER-02353"
"Star Wars: Mace Windu","Series","Star Wars","line","Star Wars","2017","2017","Covered","SER-02354"
"Star Wars: Yoda","Series","Star Wars","line","Star Wars","2022","2023","Covered","SER-02355"
"Star Wars: Thrawn","Series","Star Wars","line","Star Wars","2018","2018","Covered","SER-02356"
"Star Wars: Thrawn Alliances","Series","Star Wars","line","Star Wars","2024","2024","Covered","SER-02357"
"Star Wars: Chewbacca","Series","Star Wars","line","Star Wars","2015","2016","Covered","SER-02358"
"Star Wars: Captain Phasma","Series","Star Wars","line","Star Wars","2017","2017","Covered","SER-02359"
"Star Wars: The Mandalorian","Series","Star Wars","line","Star Wars","2022","2023","Covered","SER-02360"
"Star Wars: The Mandalorian Season 2","Series","Star Wars","line","Star Wars","2023","2024","Covered","SER-02361"
"Star Wars: Ahsoka","Series","Star Wars","line","Star Wars","2024","2025","Covered","SER-02362"
"Star Wars: The Rise of Kylo Ren","Series","Star Wars","line","Star Wars","2019","2020","Covered","SER-02363"
"Star Wars: The Fall of Kylo Ren","Series","Star Wars","line","Star Wars","2026","2026","Covered","SER-02364"
"Star Wars: War of the Bounty Hunters","Series","Star Wars","line","Star Wars","2021","2021","Covered","SER-02365"
"Star Wars: Crimson Reign","Series","Star Wars","line","Star Wars","2021","2022","Covered","SER-02366"
"Star Wars: Hidden Empire","Series","Star Wars","line","Star Wars","2022","2023","Covered","SER-02367"
"Star Wars: Dark Droids","Series","Star Wars","line","Star Wars","2023","2024","Covered","SER-02368"
"Star Wars: Revelations","Series","Star Wars","line","Star Wars","2022","2024","Covered","SER-02369"
"Star Wars: Empire Ascendant","Series","Star Wars","line","Star Wars","2019","2019","Covered","SER-02370"
"Star Wars: Age of Republic","Series","Star Wars","line","Star Wars","2018","2019","Covered","SER-02371"
"Star Wars: Age of Rebellion","Series","Star Wars","line","Star Wars","2019","2019","Covered","SER-02372"
"Star Wars: Age of Resistance","Series","Star Wars","line","Star Wars","2019","2019","Covered","SER-02373"
"Star Wars: TIE Fighter","Series","Star Wars","line","Star Wars","2019","2019","Covered","SER-02374"
"Star Wars: Target Vader","Series","Star Wars","line","Star Wars","2019","2019","Covered","SER-02375"
"Star Wars: Galaxy's Edge","Series","Star Wars","line","Star Wars","2019","2019","Covered","SER-02376"
"Star Wars: Galaxy's Edge - Echoes of the Empire","Series","Star Wars","line","Star Wars","2026","2026","Covered","SER-02377"
"Amazing Mary Jane","Series","Spider-Man","era","","2019","2020","Covered","SER-02412"
"Atlantis Attacks","Series","Marvel Universe","era","","2020","2021","Covered","EVT-00033"
"Black Cat","Series","Spider-Man","era","","2019","2020","Covered","SER-02382"
"Black Widow","Series","Black Widow","era","","2020","2022","Covered","SER-02413"
"Champions","Series","Champions","era","","2020","2021","Covered","SER-02414"
"Doctor Doom","Series","Fantastic Four","era","","2019","2020","Covered","SER-02415"
"Falcon & Winter Soldier","Series","Falcon","era","","2020","2021","Covered","SER-02416"
"Fantastic Four: Antithesis","Series","Fantastic Four","era","","2020","2020","Covered","SER-02417"
"Guardians of the Galaxy","Series","Guardians of the Galaxy","era","","2020","2021","Covered","SER-02418"
"Hawkeye: Freefall","Series","Hawkeye","era","","2020","2020","Covered","SER-02419"
"Iron Man","Series","Iron Man","era","","2020","2022","Covered","SER-02420"
"Maestro","Series","Hulk","era","","2020","2020","Covered","SER-01077"
"Marvels X","Series","Marvels / Prestige Format","era","","2020","2020","Covered","SER-02421"
"Ravencroft","Series","Spider-Man","era","","2020","2020","Covered","SER-02422"
"Shang-Chi","Series","Shang-Chi","era","","2020","2020","Covered","SER-02423"
"Strange Academy","Series","Doctor Strange","era","","2020","2022","Covered","SER-01107"
"Symbiote Spider-Man: Alien Reality","Series","Spider-Man","era","","2019","2020","Covered","SER-02424"
"Thor","Series","Thor","era","","2020","2023","Covered","SER-02425"
"The Union","Series","Marvel Universe","era","","2020","2021","Covered","SER-02426"
"U.S.Agent","Series","USAgent","era","","2020","2021","Covered","SER-02427"
"Amazing Fantasy","Series","Marvel Universe","era","","2021","2021","Covered","SER-00696"
"Amazing Spider-Man","Series","Spider-Man","era","","2021","2022","Covered","SER-02428"
"Avengers Forever","Series","Avengers","era","","2021","2023","Covered","SER-02429"
"Beta Ray Bill","Series","Beta Ray Bill","era","","2021","2021","Covered","CHR-00045"
"Black Knight: Curse of the Ebony Blade","Series","Avengers","era","","2021","2021","Covered","SER-02430"
"Captain America/Iron Man","Series","Captain America","era","","2021","2022","Covered","SER-02431"
"Dark Ages","Series","Marvel Universe","era","","2021","2022","Covered","SER-02432"
"Darkhawk","Series","Darkhawk","era","","2021","2022","Covered","SER-02433"
"Death of Doctor Strange","Series","Doctor Strange","era","","2021","2022","Covered","SER-02434"
"Defenders","Series","Defenders","era","","2021","2022","Covered","SER-02435"
"Eternals","Series","Marvel Universe","era","","2021","2022","Covered","SER-02436"
"Extreme Carnage","Series","Carnage","era","","2021","2021","Covered","SER-02437"
"Fantastic Four: Life Story","Series","Fantastic Four","era","","2021","2022","Covered","SER-02438"
"Gamma Flight","Series","Hulk","era","","2021","2021","Covered","SER-02439"
"Iron Fist: Heart of the Dragon","Series","Iron Fist","era","","2021","2021","Covered","SER-02440"
"Kang the Conqueror","Series","Avengers","era","","2021","2022","Covered","SER-02441"
"Maestro: War and Pax","Series","Hulk","era","","2021","2021","Covered","SER-01078"
"Miles Morales: Spider-Man","Series","Miles Morales","era","","2018","2022","Covered","SER-02442"
"Moon Knight","Series","Moon Knight","era","","2021","2024","Covered","SER-02443"
"Non-Stop Spider-Man","Series","Spider-Man","era","","2021","2021","Covered","SER-02444"
"Reptil","Series","Marvel Universe","era","","2021","2021","Covered","SER-02445"
"Silk","Series","Silk","era","","2021","2021","Covered","SER-02446"
"Sinister War","Series","Spider-Man","era","","2021","2021","Covered","SER-02447"
"Spider-Woman","Series","Spider-Woman (Jessica Drew)","era","","2020","2023","Covered","SER-02448"
"The United States of Captain America","Series","Captain America","era","","2021","2021","Covered","SER-02449"
"Venom","Series","Venom","era","","2021","2024","Covered","SER-02450"
"Amazing Spider-Man","Series","Spider-Man","era","","2022","2025","Covered","SER-02451"
"Captain America: Sentinel of Liberty","Series","Captain America","era","","2022","2023","Covered","SER-02452"
"Captain America: Symbol of Truth","Series","Falcon","era","","2022","2023","Covered","SER-02453"
"Carnage","Series","Carnage","era","","2022","2023","Covered","SER-02454"
"Damage Control","Series","Marvel Universe","era","","2022","2022","Covered","SER-02455"
"Daredevil","Series","Daredevil","era","","2022","2023","Covered","SER-02456"
"Deadpool","Series","Deadpool","era","","2022","2024","Covered","SER-02457"
"Defenders: Beyond","Series","Defenders","era","","2022","2022","Covered","SER-02458"
"Doctor Strange: Nexus of Nightmares","Series","Doctor Strange","era","","2022","2022","Covered","SER-02459"
"Edge of Spider-Verse","Series","Spider-Verse","era","","2022","2022","Covered","SER-00693"
"Fantastic Four","Series","Fantastic Four","era","","2022","2025","Covered","SER-02460"
"Ghost Rider","Series","Ghost Rider","era","","2022","2024","Covered","SER-02461"
"Gold Goblin","Series","Spider-Man","era","","2022","2023","Covered","SER-02462"
"Hulk","Series","Hulk","era","","2021","2023","Covered","CHR-00187"
"Iron Cat","Series","Iron Man","era","","2022","2022","Covered","SER-02463"
"Midnight Suns","Series","Marvel Universe","era","","2022","2023","Covered","SER-02464"
"Miracleman: The Silver Age","Series","Marvelman / Miracleman","era","","2022","2024","Covered","SER-02465"
"Monica Rambeau: Photon","Series","Captain Marvel (Carol Danvers)","era","","2022","2023","Covered","SER-02466"
"Namor: Conquered Shores","Series","Namor the Sub-Mariner","era","","2022","2023","Covered","SER-02467"
"New Fantastic Four","Series","Fantastic Four","era","","2022","2022","Covered","SER-02468"
"Punisher","Series","Punisher","era","","2022","2023","Covered","SER-02469"
"Savage Avengers","Series","Avengers","era","","2022","2023","Covered","SER-02470"
"Secret Invasion","Series","Secret Invasion","era","","2022","2023","Covered","SER-02471"
"She-Hulk","Series","She-Hulk","era","","2022","2024","Covered","SER-02472"
"Spider-Gwen: Gwenverse","Series","Spider-Gwen / Ghost-Spider","era","","2022","2022","Covered","SER-02473"
"Spider-Man","Series","Spider-Man","era","","2022","2024","Covered","CHR-00378"
"Strange","Series","Doctor Strange","era","","2022","2023","Covered","SER-02474"
"Thunderbolts","Series","Thunderbolts","era","","2022","2022","Covered","SER-02475"
"Venom: Lethal Protector","Series","Venom","era","","2022","2022","Covered","SER-00928"
"Wolverine: Patch","Series","Wolverine","era","","2022","2022","Covered","SER-02476"
"X-Men '92: House of XCII","Series","X-Men","era","","2022","2022","Covered","SER-02477"
"Avengers","Series","Avengers","era","","2023","2025","Covered","TEM-00002"
"Avengers Inc.","Series","Avengers","era","","2023","2024","Covered","SER-02478"
"Black Panther","Series","Black Panther","era","","2023","2024","Covered","SER-02479"
"Captain America","Series","Captain America","era","","2023","2024","Covered","SER-02480"
"Captain Marvel","Series","Captain Marvel (Carol Danvers)","era","","2023","2024","Covered","SER-02481"
"Carnage","Series","Carnage","era","","2023","2024","Covered","SER-02482"
"Daredevil","Series","Daredevil","era","","2023","2025","Covered","SER-02483"
"Doctor Strange","Series","Doctor Strange","era","","2023","2024","Covered","SER-02484"
"G.O.D.S.","Series","Marvel Universe","era","","2023","2024","Covered","SER-02485"
"Guardians of the Galaxy","Series","Guardians of the Galaxy","era","","2023","2023","Covered","SER-02486"
"Hallows' Eve","Series","Spider-Man","era","","2023","2023","Covered","SER-02487"
"Immortal Thor","Series","Thor","era","","2023","2025","Covered","SER-02488"
"Incredible Hulk","Series","Hulk","era","","2023","2025","Covered","SER-02489"
"Invincible Iron Man","Series","Iron Man","era","","2022","2024","Covered","SER-02490"
"Marvel Unleashed","Series","Marvel Universe","era","","2023","2023","Covered","SER-02491"
"Miles Morales: Spider-Man","Series","Miles Morales","era","","2022","2025","Covered","SER-02442"
"Moon Knight: City of the Dead","Series","Moon Knight","era","","2023","2023","Covered","SER-02492"
"Punisher","Series","Punisher","era","","2023","2024","Covered","SER-02493"
"Scarlet Witch","Series","Vision & Scarlet Witch","era","","2023","2024","Covered","SER-02494"
"Sensational She-Hulk","Series","She-Hulk","era","","2023","2024","Covered","SER-02495"
"Silver Surfer: Rebirth Legacy","Series","Silver Surfer","era","","2023","2023","Covered","SER-02496"
"Spider-Boy","Series","Spider-Man","era","","2023","2025","Covered","SER-02497"
"Spider-Gwen: Smash","Series","Spider-Gwen / Ghost-Spider","era","","2023","2024","Covered","SER-02498"
"Spider-Man: India","Series","Spider-Man","era","","2023","2023","Covered","SER-02499"
"Superior Spider-Man","Series","Spider-Man","era","","2023","2024","Covered","SER-02500"
"Thanos","Series","Thanos","era","","2023","2024","Covered","SER-02501"
"Venom: Lethal Protector II","Series","Venom","era","","2023","2023","Covered","SER-02502"
"White Widow","Series","Black Widow","era","","2023","2024","Covered","SER-02503"
"Avengers: Twilight","Series","Avengers","era","","2024","2024","Covered","SER-02504"
"Blood Hunters","Series","Marvel Universe","era","","2024","2024","Covered","SER-02505"
"Daredevil: Woman Without Fear","Series","Daredevil","era","","2024","2024","Covered","SER-02506"
"Deadpool","Series","Deadpool","era","","2024","2025","Covered","SER-02507"
"Dazzler","Series","Dazzler","era","","2024","2025","Covered","SER-02508"
"Doom","Series","Fantastic Four","era","","2024","2024","Covered","SER-02509"
"Ghost Rider: Final Vengeance","Series","Ghost Rider","era","","2024","2024","Covered","SER-02510"
"Hellverine","Series","Wolverine","era","","2024","2025","Covered","SER-02511"
"Kid Venom","Series","Venom","era","","2024","2025","Covered","SER-02512"
"Namor","Series","Namor the Sub-Mariner","era","","2024","2025","Covered","SER-02513"
"Phases of the Moon Knight","Series","Moon Knight","era","","2024","2025","Covered","SER-02514"
"Scarlet Witch","Series","Vision & Scarlet Witch","era","","2024","2025","Covered","SER-02494"
"Spider-Gwen: The Ghost-Spider","Series","Spider-Gwen / Ghost-Spider","era","","2024","2025","Covered","SER-02515"
"Spider-Society","Series","Spider-Verse","era","","2024","2024","Covered","SER-02516"
"The Spectacular Spider-Men","Series","Spider-Man","era","","2024","2025","Covered","SER-02517"
"Venomverse Reborn","Series","Venom","era","","2024","2024","Covered","SER-02518"
"Werewolf by Night: Red Band","Series","Marvel Horror Line","era","","2024","2025","Covered","SER-02519"
"What If...? Venom","Series","Venom","era","","2024","2024","Covered","SER-02520"
"All-New Venom","Series","Venom","era","","2024","2025","Covered","SER-02521"
"Eddie Brock: Carnage","Series","Carnage","era","","2025","2025","Covered","SER-02522"
"Red Hulk","Series","Hulk","era","","2025","2026","Covered","SER-02523"
"New Avengers","Series","Avengers","era","","2025","2026","Covered","SER-02524"
"Spider-Girl","Series","Spider-Man","era","","2025","2026","Covered","SER-02525"
"Spider-Man & Wolverine","Series","Spider-Man","era","","2025","2026","Covered","SER-02526"
"Amazing Spider-Man","Series","Spider-Man","era","","2025","","Covered","SER-02378"
"Amazing Spider-Man: Spider-Versity","Series","Spider-Man","era","","2026","2026","Covered","SER-02379"
"Avengers: Armageddon","Series","Avengers","era","","2026","2026","Covered","SER-02380"
"Bishop","Series","X-Men","era","","2026","2026","Covered","SER-02381"
"Black Cat","Series","Spider-Man","era","","2025","","Covered","SER-02382"
"Captain America","Series","Captain America","era","","2025","","Covered","SER-02383"
"Captain Marvel: Dark Past","Series","Captain Marvel (Carol Danvers)","era","","2026","2026","Covered","SER-02384"
"Civil War: Unmasked","Series","Civil War","era","","2026","2026","Covered","SER-02385"
"Daredevil","Series","Daredevil","era","","2026","","Covered","SER-02386"
"Doctor Strange","Series","Doctor Strange","era","","2025","2026","Covered","SER-02387"
"DoomQuest","Series","Fantastic Four","era","","2026","2026","Covered","SER-02388"
"Fantastic Four","Series","Fantastic Four","era","","2025","","Covered","SER-02389"
"Gambit: Wanted","Series","Gambit","era","","2026","2026","Covered","SER-02390"
"Generation X-23","Series","X-23 / Wolverine (Laura Kinney)","era","","2026","","Covered","SER-02391"
"Infernal Hulk","Series","Hulk","era","","2025","2026","Covered","SER-02392"
"Inglorious X-Force","Series","X-Men","era","","2026","","Covered","SER-02393"
"Iron Man","Series","Iron Man","era","","2026","","Covered","SER-02394"
"Jeff the Land Shark: Superstar","Series","Marvel Universe","era","","2026","2026","Covered","SER-02395"
"Marc Spector: Moon Knight","Series","Moon Knight","era","","2026","","Covered","SER-02396"
"Mortal Thor","Series","Thor","era","","2025","","Covered","SER-02397"
"Punisher","Series","Punisher","era","","2026","","Covered","SER-02398"
"Queen in Black","Series","Venom","era","","2026","2026","Covered","SER-02399"
"Queen in Black: Defenders of Light and Dark","Series","Venom","era","","2026","2026","Covered","SER-02400"
"Sorcerer Supreme","Series","Doctor Strange","era","","2025","2026","Covered","SER-02401"
"Spectacular Spider-Man: Brand New Day","Series","Spider-Man","era","","2026","2026","Covered","SER-02402"
"Spider-Man: Long Way Home","Series","Spider-Man","era","","2026","2026","Covered","SER-02403"
"Uncanny X-Men","Series","X-Men","era","","2024","","Covered","SER-02404"
"Venom","Series","Venom","era","","2025","2026","Covered","SER-02405"
"Wade Wilson: Deadpool","Series","Deadpool","era","","2026","","Covered","SER-02406"
"Wolverine","Series","Wolverine","era","","2024","","Covered","SER-02407"
"X-Men","Series","X-Men","era","","2024","","Covered","SER-02408"
"X-Men '97: Season 2","Series","X-Men","era","","2026","2026","Covered","SER-02409"
"X-Men: Outback","Series","X-Men","era","","2026","2026","Covered","SER-02410"
"X-Men United","Series","X-Men","era","","2026","","Covered","SER-02411"
